linea;codigo;"nombre local";"motivo de fallo"
2;C003058;"3058 MAYORISTA 10 - PENALOLEN";"El código de local 'C003058' ya existe (línea 2)."
3;C003061;"3061 MAYORISTA 10 - SAN MIGUEL";"El código de local 'C003061' ya existe (línea 3)."
4;C003063;"3063 MAYORISTA 10 - SAN BERNARDO";"El código de local 'C003063' ya existe (línea 4)."
5;C003064;"3064 MAYORISTA 10 - SANTIAGO";"El código de local 'C003064' ya existe (línea 5)."
6;C003068;"3068 MAYORISTA 10 - RANCAGUA";"El código de local 'C003068' ya existe (línea 6)."
7;C003069;"3069 MAYORISTA 10 - SANTA CRUZ";"El código de local 'C003069' ya existe (línea 7)."
8;C003143;"3143 MAYORISTA 10 - TEMUCO";"El código de local 'C003143' ya existe (línea 8)."
9;C003160;"3160 MAYORISTA 10 - MAIPU";"El código de local 'C003160' ya existe (línea 9)."
10;C003163;"3163 MAYORISTA 10 - CANETE";"El código de local 'C003163' ya existe (línea 10)."
11;C003164;"3164 MAYORISTA 10 - CONCEPCION";"El código de local 'C003164' ya existe (línea 11)."
12;C003167;"3167 MAYORISTA 10 - TOME";"El código de local 'C003167' ya existe (línea 12)."
13;C003168;"3168 MAYORISTA 10 - TEMUCO";"El código de local 'C003168' ya existe (línea 13)."
14;C003169;"3169 MAYORISTA 10 - LINARES";"El código de local 'C003169' ya existe (línea 14)."
15;C003170;"3170 MAYORISTA 10 - SANTIAGO";"El código de local 'C003170' ya existe (línea 15)."
16;C003541;"3541 MAYORISTA - LA GRANJA";"El código de local 'C003541' ya existe (línea 16)."
17;C00N517;"N517 SANTA ISABEL - TEMUCO";"El código de local 'C00N517' ya existe (línea 17)."
18;C00N524;"N524 SANTA ISABEL - LINARES";"El código de local 'C00N524' ya existe (línea 18)."
19;C00N536;"N536 SANTA ISABEL - VALPARAISO";"El código de local 'C00N536' ya existe (línea 19)."
20;C00N537;"N537 SANTA ISABEL - QUILPUE";"El código de local 'C00N537' ya existe (línea 20)."
21;C00N538;"N538 SANTA ISABEL - QUILPUE";"El código de local 'C00N538' ya existe (línea 21)."
22;C00N539;"N539 SANTA ISABEL - VILLA ALEMANA";"El código de local 'C00N539' ya existe (línea 22)."
23;C00N540;"N540 SANTA ISABEL - QUILLOTA";"El código de local 'C00N540' ya existe (línea 23)."
24;C00N541;"N541 SANTA ISABEL - VINA DEL MAR";"El código de local 'C00N541' ya existe (línea 24)."
25;C00N542;"N542 SANTA ISABEL - VINA DEL MAR";"El código de local 'C00N542' ya existe (línea 25)."
26;C00N543;"N543 SANTA ISABEL - QUILPUE";"El código de local 'C00N543' ya existe (línea 26)."
27;C00N544;"N544 SANTA ISABEL - LA CALERA";"El código de local 'C00N544' ya existe (línea 27)."
28;C00N545;"N545 SANTA ISABEL - VINA DEL MAR";"El código de local 'C00N545' ya existe (línea 28)."
29;C00N547;"N547 SANTA ISABEL - TEMUCO";"El código de local 'C00N547' ya existe (línea 29)."
30;C00N548;"N548 SANTA ISABEL - VINA DEL MAR";"El código de local 'C00N548' ya existe (línea 30)."
31;C00N549;"N549 SANTA ISABEL - LA CALERA";"El código de local 'C00N549' ya existe (línea 31)."
32;C00N551;"N551 SANTA ISABEL - COQUIMBO";"El código de local 'C00N551' ya existe (línea 32)."
33;C00N552;"N552 SANTA ISABEL - VALPARAISO";"El código de local 'C00N552' ya existe (línea 33)."
34;C00N553;"N553 SANTA ISABEL - LO BARNECHEA";"El código de local 'C00N553' ya existe (línea 34)."
35;C00N554;"N554 SANTA ISABEL - TEMUCO";"El código de local 'C00N554' ya existe (línea 35)."
36;C00N561;"N561 SANTA ISABEL - VALPARAISO";"El código de local 'C00N561' ya existe (línea 36)."
37;C00N569;"N569 SANTA ISABEL - CONCEPCION";"El código de local 'C00N569' ya existe (línea 37)."
38;C00N572;"N572 SANTA ISABEL - VINA DEL MAR";"El código de local 'C00N572' ya existe (línea 38)."
39;C00N585;"N585 SANTA ISABEL - OSORNO";"El código de local 'C00N585' ya existe (línea 39)."
40;C00N587;"N587 SANTA ISABEL - PUERTO MONTT";"El código de local 'C00N587' ya existe (línea 40)."
41;C00N589;"N589 SANTA ISABEL - MAIPU";"El código de local 'C00N589' ya existe (línea 41)."
42;C00N590;"N590 SANTA ISABEL - IQUIQUE";"El código de local 'C00N590' ya existe (línea 42)."
43;C00N593;"N593 SANTA ISABEL - NUNOA";"El código de local 'C00N593' ya existe (línea 43)."
44;C00N594;"N594 SANTA ISABEL - PUDAHUEL";"El código de local 'C00N594' ya existe (línea 44)."
45;C00N595;"N595 SANTA ISABEL - MELIPILLA";"El código de local 'C00N595' ya existe (línea 45)."
46;C00N596;"N596 SANTA ISABEL - SAN PEDRO DE LA PAZ";"El código de local 'C00N596' ya existe (línea 46)."
47;C00N597;"N597 SANTA ISABEL - TEMUCO";"El código de local 'C00N597' ya existe (línea 47)."
48;C00N600;"N600 SANTA ISABEL - SANTIAGO";"El código de local 'C00N600' ya existe (línea 48)."
49;C00N601;"N601 SANTA ISABEL - LA CISTERNA";"El código de local 'C00N601' ya existe (línea 49)."
50;C00N602;"N602 SANTA ISABEL - SANTIAGO";"El código de local 'C00N602' ya existe (línea 50)."
51;C00N603;"N603 SANTA ISABEL - LO PRADO";"El código de local 'C00N603' ya existe (línea 51)."
52;C00N604;"N604 SANTA ISABEL - MAIPU";"El código de local 'C00N604' ya existe (línea 52)."
53;C00N605;"N605 SANTA ISABEL - LA PINTANA";"El código de local 'C00N605' ya existe (línea 53)."
54;C00N606;"N606 SANTA ISABEL - ESTACION CENTRAL";"El código de local 'C00N606' ya existe (línea 54)."
55;C00N607;"N607 SANTA ISABEL - SANTIAGO";"El código de local 'C00N607' ya existe (línea 55)."
56;C00N608;"N608 SANTA ISABEL - SANTIAGO";"El código de local 'C00N608' ya existe (línea 56)."
57;C00N609;"N609 SANTA ISABEL - LAS CONDES";"El código de local 'C00N609' ya existe (línea 57)."
58;C00N610;"N610 SANTA ISABEL - SAN RAMON";"El código de local 'C00N610' ya existe (línea 58)."
59;C00N611;"N611 SANTA ISABEL - INDEPENDENCIA";"El código de local 'C00N611' ya existe (línea 59)."
60;C00N612;"N612 SANTA ISABEL - SANTIAGO";"El código de local 'C00N612' ya existe (línea 60)."
61;C00N625;"N625 SANTA ISABEL - TEMUCO";"El código de local 'C00N625' ya existe (línea 61)."
62;C00N626;"N626 SANTA ISABEL - LA REINA";"El código de local 'C00N626' ya existe (línea 62)."
63;C00N634;"N634 SANTA ISABEL - QUILICURA";"El código de local 'C00N634' ya existe (línea 63)."
64;C00N635;"N635 SANTA ISABEL - LAS CONDES";"El código de local 'C00N635' ya existe (línea 64)."
65;C00N636;"N636 SANTA ISABEL - QUILICURA";"El código de local 'C00N636' ya existe (línea 65)."
66;C00N638;"N638 SANTA ISABEL - VILLA ALEMANA";"El código de local 'C00N638' ya existe (línea 66)."
67;C00N639;"N639 SANTA ISABEL - LA REINA";"El código de local 'C00N639' ya existe (línea 67)."
68;C00N643;"N643 SANTA ISABEL - PEDRO AGUIRRE CERDA";"El código de local 'C00N643' ya existe (línea 68)."
69;C00N645;"N645 SANTA ISABEL - CURICO";"El código de local 'C00N645' ya existe (línea 69)."
70;C00N648;"N648 SANTA ISABEL - LA SERENA";"El código de local 'C00N648' ya existe (línea 70)."
71;C00N651;"N651 SANTA ISABEL - LAMPA";"El código de local 'C00N651' ya existe (línea 71)."
72;C00N654;"N654 SANTA ISABEL - MAIPU";"El código de local 'C00N654' ya existe (línea 72)."
73;C00N657;"N657 SANTA ISABEL - LIMACHE";"El código de local 'C00N657' ya existe (línea 73)."
74;C00N658;"N658 SANTA ISABEL - COQUIMBO";"El código de local 'C00N658' ya existe (línea 74)."
75;C00N662;"N662 SANTA ISABEL - VINA DEL MAR";"El código de local 'C00N662' ya existe (línea 75)."
76;C00N664;"N664 SANTA ISABEL - SAN FELIPE";"El código de local 'C00N664' ya existe (línea 76)."
77;C00N665;"N665 SANTA ISABEL - LOS ANDES";"El código de local 'C00N665' ya existe (línea 77)."
78;C00N667;"N667 SANTA ISABEL - MELIPILLA";"El código de local 'C00N667' ya existe (línea 78)."
79;C00N669;"N669 SANTA ISABEL - PROVIDENCIA";"El código de local 'C00N669' ya existe (línea 79)."
80;C00N672;"N672 SANTA ISABEL - PUENTE ALTO";"El código de local 'C00N672' ya existe (línea 80)."
81;C00N674;"N674 SANTA ISABEL - VINA DEL MAR";"El código de local 'C00N674' ya existe (línea 81)."
82;C00N678;"N678 SANTA ISABEL - CONCEPCION";"El código de local 'C00N678' ya existe (línea 82)."
83;C00N679;"N679 SANTA ISABEL - CORONEL";"El código de local 'C00N679' ya existe (línea 83)."
84;C00N680;"N680 SANTA ISABEL - TALCAHUANO";"El código de local 'C00N680' ya existe (línea 84)."
85;C00N682;"N682 SANTA ISABEL - SANTIAGO";"El código de local 'C00N682' ya existe (línea 85)."
86;C00N684;"N684 SANTA ISABEL - VALDIVIA";"El código de local 'C00N684' ya existe (línea 86)."
87;C00N687;"N687 SANTA ISABEL - CURICO";"El código de local 'C00N687' ya existe (línea 87)."
88;C00N688;"N688 SANTA ISABEL - CONCEPCION";"El código de local 'C00N688' ya existe (línea 88)."
89;C00N689;"N689 SANTA ISABEL - QUINTA NORMAL";"El código de local 'C00N689' ya existe (línea 89)."
90;C00N691;"N691 SANTA ISABEL - LIMACHE";"El código de local 'C00N691' ya existe (línea 90)."
91;C00N692;"N692 SANTA ISABEL - HUECHURABA";"El código de local 'C00N692' ya existe (línea 91)."
92;C00N693;"N693 SANTA ISABEL - QUILPUE";"El código de local 'C00N693' ya existe (línea 92)."
93;C00N694;"N694 SANTA ISABEL - CONCON";"El código de local 'C00N694' ya existe (línea 93)."
94;C00N698;"N698 SANTA ISABEL - PENALOLEN";"El código de local 'C00N698' ya existe (línea 94)."
95;C00N699;"N699 SANTA ISABEL - LA GRANJA";"El código de local 'C00N699' ya existe (línea 95)."
96;C00N700;"N700 SANTA ISABEL - PEDRO AGUIRRE CERDA";"El código de local 'C00N700' ya existe (línea 96)."
97;C00N701;"N701 SANTA ISABEL - VITACURA";"El código de local 'C00N701' ya existe (línea 97)."
98;C00N702;"N702 SANTA ISABEL - EL BOSQUE";"El código de local 'C00N702' ya existe (línea 98)."
99;C00N703;"N703 SANTA ISABEL - CONCHALI";"El código de local 'C00N703' ya existe (línea 99)."
100;C00N704;"N704 SANTA ISABEL - PROVIDENCIA";"El código de local 'C00N704' ya existe (línea 100)."
101;C00N706;"N706 SANTA ISABEL - RENCA";"El código de local 'C00N706' ya existe (línea 101)."
102;C00N707;"N707 SANTA ISABEL - LA REINA";"El código de local 'C00N707' ya existe (línea 102)."
103;C00N711;"N711 SANTA ISABEL - VINA DEL MAR";"El código de local 'C00N711' ya existe (línea 103)."
104;C00N722;"N722 SANTA ISABEL - VALPARAISO";"El código de local 'C00N722' ya existe (línea 104)."
105;C00N729;"N729 SANTA ISABEL - ARICA";"El código de local 'C00N729' ya existe (línea 105)."
106;C00N730;"N730 SANTA ISABEL - LA SERENA";"El código de local 'C00N730' ya existe (línea 106)."
107;C00N731;"N731 SANTA ISABEL - SAN FELIPE";"El código de local 'C00N731' ya existe (línea 107)."
108;C00N732;"N732 SANTA ISABEL - TEMUCO";"El código de local 'C00N732' ya existe (línea 108)."
109;C00N733;"N733 SANTA ISABEL - PUERTO VARAS";"El código de local 'C00N733' ya existe (línea 109)."
110;C00N734;"N734 SANTA ISABEL - PUERTO MONTT";"El código de local 'C00N734' ya existe (línea 110)."
111;C00N736;"N736 SANTA ISABEL - PENALOLEN";"El código de local 'C00N736' ya existe (línea 111)."
112;C00N737;"N737 SANTA ISABEL - CONCEPCION";"El código de local 'C00N737' ya existe (línea 112)."
113;C00N740;"N740 SANTA ISABEL - SAN FERNANDO";"El código de local 'C00N740' ya existe (línea 113)."
114;C00N741;"N741 SANTA ISABEL - TALCA";"El código de local 'C00N741' ya existe (línea 114)."
115;C00N742;"N742 SANTA ISABEL - LOS ANGELES";"El código de local 'C00N742' ya existe (línea 115)."
116;C00N743;"N743 SANTA ISABEL - TEMUCO";"El código de local 'C00N743' ya existe (línea 116)."
117;C00N744;"N744 SANTA ISABEL - LA UNION";"El código de local 'C00N744' ya existe (línea 117)."
118;C00N747;"N747 SANTA ISABEL - CALERA DE TANGO";"El código de local 'C00N747' ya existe (línea 118)."
119;C00N753;"N753 SANTA ISABEL - LA LIGUA";"El código de local 'C00N753' ya existe (línea 119)."
120;C00N755;"N755 SANTA ISABEL - PENAFLOR";"El código de local 'C00N755' ya existe (línea 120)."
121;C00N756;"N756 SANTA ISABEL - SAN ANTONIO";"El código de local 'C00N756' ya existe (línea 121)."
122;C00N757;"N757 SANTA ISABEL - MAIPU";"El código de local 'C00N757' ya existe (línea 122)."
123;C00N758;"N758 SANTA ISABEL - MAIPU";"El código de local 'C00N758' ya existe (línea 123)."
124;C00N759;"N759 SANTA ISABEL - QUINTA NORMAL";"El código de local 'C00N759' ya existe (línea 124)."
125;C00N761;"N761 SANTA ISABEL - LOS ANGELES";"El código de local 'C00N761' ya existe (línea 125)."
126;C00N763;"N763 SANTA ISABEL - SANTIAGO";"El código de local 'C00N763' ya existe (línea 126)."
127;C00N764;"N764 SANTA ISABEL - LA FLORIDA";"El código de local 'C00N764' ya existe (línea 127)."
128;C00N765;"N765 SANTA ISABEL - LA CISTERNA";"El código de local 'C00N765' ya existe (línea 128)."
129;C00N766;"N766 SANTA ISABEL - LA FLORIDA";"El código de local 'C00N766' ya existe (línea 129)."
130;C00N767;"N767 SANTA ISABEL - SANTIAGO";"El código de local 'C00N767' ya existe (línea 130)."
131;C00N769;"N769 SANTA ISABEL - MAIPU";"El código de local 'C00N769' ya existe (línea 131)."
132;C00N771;"N771 SANTA ISABEL - SANTIAGO";"El código de local 'C00N771' ya existe (línea 132)."
133;C00N776;"N776 SANTA ISABEL - LAS CONDES";"El código de local 'C00N776' ya existe (línea 133)."
134;C00N777;"N777 SANTA ISABEL - LAS CONDES";"El código de local 'C00N777' ya existe (línea 134)."
135;C00N778;"N778 SANTA ISABEL - SAN PEDRO DE LA PAZ";"El código de local 'C00N778' ya existe (línea 135)."
136;C00N781;"N781 SANTA ISABEL - QUILPUE";"El código de local 'C00N781' ya existe (línea 136)."
137;C00N783;"N783 SANTA ISABEL - CONCEPCION";"El código de local 'C00N783' ya existe (línea 137)."
138;C00N790;"N790 SANTA ISABEL - LA SERENA";"El código de local 'C00N790' ya existe (línea 138)."
139;C00N797;"N797 SANTA ISABEL - ANTOFAGASTA";"El código de local 'C00N797' ya existe (línea 139)."
140;C00N798;"N798 SANTA ISABEL - ANTOFAGASTA";"El código de local 'C00N798' ya existe (línea 140)."
141;C00N801;"N801 SANTA ISABEL - CONCEPCION";"El código de local 'C00N801' ya existe (línea 141)."
142;C00N802;"N802 SANTA ISABEL - CONCHALI";"El código de local 'C00N802' ya existe (línea 142)."
143;C00N803;"N803 SANTA ISABEL - RANCAGUA";"El código de local 'C00N803' ya existe (línea 143)."
144;C00N804;"N804 SANTA ISABEL - ARICA";"El código de local 'C00N804' ya existe (línea 144)."
145;C00N805;"N805 SANTA ISABEL - VALPARAISO";"El código de local 'C00N805' ya existe (línea 145)."
146;C00N806;"N806 SANTA ISABEL - MAIPU";"El código de local 'C00N806' ya existe (línea 146)."
147;C00N807;"N807 SANTA ISABEL - RANCAGUA";"El código de local 'C00N807' ya existe (línea 147)."
148;C00N808;"N808 SANTA ISABEL - VINA DEL MAR";"El código de local 'C00N808' ya existe (línea 148)."
149;C00N811;"N811 SANTA ISABEL - ALTO HOSPICIO";"El código de local 'C00N811' ya existe (línea 149)."
150;C00N812;"N812 SANTA ISABEL - ARICA";"El código de local 'C00N812' ya existe (línea 150)."
151;C00N813;"N813 SANTA ISABEL - QUILPUE";"El código de local 'C00N813' ya existe (línea 151)."
152;C00N818;"N818 SANTA ISABEL - CURACAVI";"El código de local 'C00N818' ya existe (línea 152)."
153;C00N820;"N820 SANTA ISABEL - CALAMA";"El código de local 'C00N820' ya existe (línea 153)."
154;C00N822;"N822 SANTA ISABEL - QUILPUE";"El código de local 'C00N822' ya existe (línea 154)."
155;C00N823;"N823 SANTA ISABEL - RECOLETA";"El código de local 'C00N823' ya existe (línea 155)."
156;C00N824;"N824 SANTA ISABEL - OSORNO";"El código de local 'C00N824' ya existe (línea 156)."
157;C00N826;"N826 SANTA ISABEL - TEMUCO";"El código de local 'C00N826' ya existe (línea 157)."
158;C00N827;"N827 SANTA ISABEL - LA SERENA";"El código de local 'C00N827' ya existe (línea 158)."
159;C00N828;"N828 SANTA ISABEL - TALCA";"El código de local 'C00N828' ya existe (línea 159)."
160;C00N829;"N829 SANTA ISABEL - RANCAGUA";"El código de local 'C00N829' ya existe (línea 160)."
161;C00N831;"N831 SANTA ISABEL - DONIHUE";"El código de local 'C00N831' ya existe (línea 161)."
162;C00N832;"N832 SANTA ISABEL - MOSTAZAL";"El código de local 'C00N832' ya existe (línea 162)."
163;C00N834;"N834 SANTA ISABEL - LA FLORIDA";"El código de local 'C00N834' ya existe (línea 163)."
164;C00N835;"N835 SANTA ISABEL - CHIGUAYANTE";"El código de local 'C00N835' ya existe (línea 164)."
165;C00N836;"N836 SANTA ISABEL - LA SERENA";"El código de local 'C00N836' ya existe (línea 165)."
166;C00N838;"N838 SANTA ISABEL - CURICO";"El código de local 'C00N838' ya existe (línea 166)."
167;C00N839;"N839 SANTA ISABEL - LA CRUZ";"El código de local 'C00N839' ya existe (línea 167)."
168;C00N840;"N840 SANTA ISABEL - VALPARAISO";"El código de local 'C00N840' ya existe (línea 168)."
169;C00N841;"N841 SANTA ISABEL - COPIAPO";"El código de local 'C00N841' ya existe (línea 169)."
170;C00N842;"N842 SANTA ISABEL - VILLA ALEMANA";"El código de local 'C00N842' ya existe (línea 170)."
171;C00N845;"N845 SANTA ISABEL - COQUIMBO";"El código de local 'C00N845' ya existe (línea 171)."
172;C00N847;"N847 SANTA ISABEL - SAN BERNARDO";"El código de local 'C00N847' ya existe (línea 172)."
173;C00N848;"N848 SANTA ISABEL - QUILLOTA";"El código de local 'C00N848' ya existe (línea 173)."
174;C00N849;"N849 SANTA ISABEL - CASABLANCA";"El código de local 'C00N849' ya existe (línea 174)."
175;C00N852;"N852 SANTA ISABEL - LOS ANDES";"El código de local 'C00N852' ya existe (línea 175)."
176;C00N859;"N859 SANTA ISABEL - MELIPILLA";"El código de local 'C00N859' ya existe (línea 176)."
177;C00N876;"N876 SANTA ISABEL - OLMUE";"El código de local 'C00N876' ya existe (línea 177)."
178;C00N877;"N877 SANTA ISABEL - PIRQUE";"El código de local 'C00N877' ya existe (línea 178)."
179;C00N878;"N878 SANTA ISABEL - COLINA";"El código de local 'C00N878' ya existe (línea 179)."
180;C00N901;"N901 SANTA ISABEL - VALLENAR";"El código de local 'C00N901' ya existe (línea 180)."
181;C00N902;"N902 SANTA ISABEL - HUASCO";"El código de local 'C00N902' ya existe (línea 181)."
182;C00N904;"N904 SANTA ISABEL - PUERTO MONTT";"El código de local 'C00N904' ya existe (línea 182)."
183;C00N906;"N906 SANTA ISABEL - PUERTO VARAS";"El código de local 'C00N906' ya existe (línea 183)."
184;C00N907;"N907 SANTA ISABEL - CHIGUAYANTE";"El código de local 'C00N907' ya existe (línea 184)."
185;C00N908;"N908 SANTA ISABEL - OVALLE";"El código de local 'C00N908' ya existe (línea 185)."
186;C00N909;"N909 SANTA ISABEL - CURICO";"El código de local 'C00N909' ya existe (línea 186)."
187;C00N911;"N911 SANTA ISABEL - VALPARAISO";"El código de local 'C00N911' ya existe (línea 187)."
188;C00N914;"N914 SANTA ISABEL - PAINE";"El código de local 'C00N914' ya existe (línea 188)."
189;C00N915;"N915 SANTA ISABEL - RANCAGUA";"El código de local 'C00N915' ya existe (línea 189)."
190;C00N918;"N918 SANTA ISABEL - PUENTE ALTO";"El código de local 'C00N918' ya existe (línea 190)."
191;C00N923;"N923 SANTA ISABEL - ISLA DE MAIPO";"El código de local 'C00N923' ya existe (línea 191)."
192;C00N924;"N924 SANTA ISABEL - MACHALI";"El código de local 'C00N924' ya existe (línea 192)."
193;C00N926;"N926 SANTA ISABEL - SAN BERNARDO";"El código de local 'C00N926' ya existe (línea 193)."
194;C00N927;"N927 SANTA ISABEL - MULCHEN";"El código de local 'C00N927' ya existe (línea 194)."
195;C00N928;"N928 SANTA ISABEL - VALDIVIA";"El código de local 'C00N928' ya existe (línea 195)."
196;C00N971;"N971 SANTA ISABEL - LA REINA";"El código de local 'C00N971' ya existe (línea 196)."
197;C00N973;"N973 SANTA ISABEL - MOLINA";"El código de local 'C00N973' ya existe (línea 197)."
198;C00N975;"N975 SANTA ISABEL - TALAGANTE";"El código de local 'C00N975' ya existe (línea 198)."
199;C00N976;"N976 SANTA ISABEL - PADRE HURTADO";"El código de local 'C00N976' ya existe (línea 199)."
200;C00N977;"N977 SANTA ISABEL - CHILLAN";"El código de local 'C00N977' ya existe (línea 200)."
201;C00N978;"N978 SANTA ISABEL - TEMUCO";"El código de local 'C00N978' ya existe (línea 201)."
202;C00N979;"N979 SANTA ISABEL - OVALLE";"El código de local 'C00N979' ya existe (línea 202)."
203;C00N983;"N983 SANTA ISABEL - CORONEL";"El código de local 'C00N983' ya existe (línea 203)."
204;C00N985;"N985 SANTA ISABEL - VICTORIA";"El código de local 'C00N985' ya existe (línea 204)."
205;C00N987;"N987 SANTA ISABEL - MAIPU";"El código de local 'C00N987' ya existe (línea 205)."
206;C00N991;"N991 SANTA ISABEL - PENALOLEN";"El código de local 'C00N991' ya existe (línea 206)."
207;C00N993;"N993 SANTA ISABEL - VALPARAISO";"El código de local 'C00N993' ya existe (línea 207)."
208;C003059;"3059 SUPER 10 - SAN BERNARDO";"El código de local 'C003059' ya existe (línea 208)."
209;C003062;"3062 SUPER 10 - PUENTE ALTO";"El código de local 'C003062' ya existe (línea 209)."
210;C003518;"3518 SUPER 10 - LIMACHE";"El código de local 'C003518' ya existe (línea 210)."
211;C003559;"3559 SUPER 10 - MAIPU";"El código de local 'C003559' ya existe (línea 211)."
212;C003544;"3544 SUPER 10 - CERRILLOS";"El código de local 'C003544' ya existe (línea 212)."
213;C003555;"3555 SUPER 10 - HUALPEN";"El código de local 'C003555' ya existe (línea 213)."
214;C003542;"3542 SUPER 10 - PUENTE ALTO";"El código de local 'C003542' ya existe (línea 214)."
215;C003556;"3556 SUPER 10 - HUALPEN";"El código de local 'C003556' ya existe (línea 215)."
216;C003557;"3557 SUPER 10 - VALDIVIA";"El código de local 'C003557' ya existe (línea 216)."
217;C003558;"3558 SUPER 10 - PUERTO MONTT";"El código de local 'C003558' ya existe (línea 217)."
218;C00101T;"0101 TOTTUS - SAN BERNARDO";"El código de local 'C00101T' ya existe (línea 218)."
219;C00102T;"0102 TOTTUS - SAN BERNARDO";"El código de local 'C00102T' ya existe (línea 219)."
220;C00103T;"0103 TOTTUS - PUENTE ALTO";"El código de local 'C00103T' ya existe (línea 220)."
221;C00104T;"0104 TOTTUS - SANTIAGO";"El código de local 'C00104T' ya existe (línea 221)."
222;C00108T;"0108 TOTTUS - LA FLORIDA";"El código de local 'C00108T' ya existe (línea 222)."
223;C00110T;"0110 TOTTUS - COLINA";"El código de local 'C00110T' ya existe (línea 223)."
224;C00111T;"0111 TOTTUS - ESTACION CENTRAL";"El código de local 'C00111T' ya existe (línea 224)."
225;C00112T;"0112 TOTTUS - EL BOSQUE";"El código de local 'C00112T' ya existe (línea 225)."
226;C00114T;"0114 TOTTUS - SANTIAGO";"El código de local 'C00114T' ya existe (línea 226)."
227;C00116T;"0116 TOTTUS - HUECHURABA";"El código de local 'C00116T' ya existe (línea 227)."
228;C00117T;"0117 TOTTUS - PUENTE ALTO";"El código de local 'C00117T' ya existe (línea 228)."
229;C00118T;"0118 TOTTUS - SANTIAGO";"El código de local 'C00118T' ya existe (línea 229)."
230;C00120T;"0120 TOTTUS - VITACURA";"El código de local 'C00120T' ya existe (línea 230)."
231;C00121T;"0121 TOTTUS - LA REINA";"El código de local 'C00121T' ya existe (línea 231)."
232;C00123T;"0123 TOTTUS - LAS CONDES";"El código de local 'C00123T' ya existe (línea 232)."
233;C00124T;"0124 TOTTUS - LA FLORIDA";"El código de local 'C00124T' ya existe (línea 233)."
234;C00125T;"0125 TOTTUS - COLINA";"El código de local 'C00125T' ya existe (línea 234)."
235;C00126T;"0126 TOTTUS - INDEPENDENCIA";"El código de local 'C00126T' ya existe (línea 235)."
236;C00127T;"0127 TOTTUS - HUECHURABA";"El código de local 'C00127T' ya existe (línea 236)."
237;C00128T;"0128 TOTTUS - RECOLETA";"El código de local 'C00128T' ya existe (línea 237)."
238;C00129T;"0129 TOTTUS - QUILICURA";"El código de local 'C00129T' ya existe (línea 238)."
239;C00131T;"0131 TOTTUS - COLINA";"El código de local 'C00131T' ya existe (línea 239)."
240;C00132T;"0132 TOTTUS - LA CISTERNA";"El código de local 'C00132T' ya existe (línea 240)."
241;C00133T;"0133 TOTTUS - PROVIDENCIA";"El código de local 'C00133T' ya existe (línea 241)."
242;C00134T;"0134 TOTTUS - PENALOLEN";"El código de local 'C00134T' ya existe (línea 242)."
243;C00152T;"0152 TOTTUS - CERRILLOS";"El código de local 'C00152T' ya existe (línea 243)."
244;C00155T;"0155 TOTTUS - LA FLORIDA";"El código de local 'C00155T' ya existe (línea 244)."
245;C00201T;"0201 TOTTUS - EL MONTE";"El código de local 'C00201T' ya existe (línea 245)."
246;C00202T;"0202 TOTTUS - TALAGANTE";"El código de local 'C00202T' ya existe (línea 246)."
247;C00203T;"0203 TOTTUS - PENAFLOR";"El código de local 'C00203T' ya existe (línea 247)."
248;C00204T;"0204 TOTTUS - MELIPILLA";"El código de local 'C00204T' ya existe (línea 248)."
249;C00205T;"0205 TOTTUS - SAN ANTONIO";"El código de local 'C00205T' ya existe (línea 249)."
250;C00206T;"0206 TOTTUS - TALAGANTE";"El código de local 'C00206T' ya existe (línea 250)."
251;C00207T;"0207 TOTTUS - LA CALERA";"El código de local 'C00207T' ya existe (línea 251)."
252;C00209T;"0209 TOTTUS - PADRE HURTADO";"El código de local 'C00209T' ya existe (línea 252)."
253;C00211T;"0211 TOTTUS - SAN FELIPE";"El código de local 'C00211T' ya existe (línea 253)."
254;C00213T;"0213 TOTTUS - VINA DEL MAR";"El código de local 'C00213T' ya existe (línea 254)."
255;C00215T;"0215 TOTTUS - QUILPUE";"El código de local 'C00215T' ya existe (línea 255)."
256;C00216T;"0216 TOTTUS - QUILLOTA";"El código de local 'C00216T' ya existe (línea 256)."
257;C00218T;"0218 TOTTUS - CONCON";"El código de local 'C00218T' ya existe (línea 257)."
258;C00219T;"0219 TOTTUS - VINA DEL MAR";"El código de local 'C00219T' ya existe (línea 258)."
259;C00220T;"0220 TOTTUS - PUCHUNCAVI";"El código de local 'C00220T' ya existe (línea 259)."
260;C00301T;"0301 TOTTUS - BUIN";"El código de local 'C00301T' ya existe (línea 260)."
261;C00302T;"0302 TOTTUS - RENGO";"El código de local 'C00302T' ya existe (línea 261)."
262;C00303T;"0303 TOTTUS - SAN FERNANDO";"El código de local 'C00303T' ya existe (línea 262)."
263;C00304T;"0304 TOTTUS - TALCA";"El código de local 'C00304T' ya existe (línea 263)."
264;C00305T;"0305 TOTTUS - RANCAGUA";"El código de local 'C00305T' ya existe (línea 264)."
265;C00306T;"0306 TOTTUS - LOS ANGELES";"El código de local 'C00306T' ya existe (línea 265)."
266;C00307T;"0307 TOTTUS - TALCAHUANO";"El código de local 'C00307T' ya existe (línea 266)."
267;C00308T;"0308 TOTTUS - RANCAGUA";"El código de local 'C00308T' ya existe (línea 267)."
268;C00309T;"0309 TOTTUS - CONCEPCION";"El código de local 'C00309T' ya existe (línea 268)."
269;C00310T;"0310 TOTTUS - CHILLAN";"El código de local 'C00310T' ya existe (línea 269)."
270;C00311T;"0311 TOTTUS - TALCA";"El código de local 'C00311T' ya existe (línea 270)."
271;C00312T;"0312 TOTTUS - LOS ANGELES";"El código de local 'C00312T' ya existe (línea 271)."
272;C00313T;"0313 TOTTUS - CURICO";"El código de local 'C00313T' ya existe (línea 272)."
273;C00316T;"0316 TOTTUS - RANCAGUA";"El código de local 'C00316T' ya existe (línea 273)."
274;C00501T;"0501 TOTTUS - ANTOFAGASTA";"El código de local 'C00501T' ya existe (línea 274)."
275;C00502T;"0502 TOTTUS - ANTOFAGASTA";"El código de local 'C00502T' ya existe (línea 275)."
276;C00504T;"0504 TOTTUS - CALAMA";"El código de local 'C00504T' ya existe (línea 276)."
277;C00505T;"0505 TOTTUS - OVALLE";"El código de local 'C00505T' ya existe (línea 277)."
278;C00506T;"0506 TOTTUS - COPIAPO";"El código de local 'C00506T' ya existe (línea 278)."
279;C00507T;"0507 TOTTUS - COPIAPO";"El código de local 'C00507T' ya existe (línea 279)."
280;C00509T;"0509 TOTTUS - COQUIMBO";"El código de local 'C00509T' ya existe (línea 280)."
281;C00510T;"0510 TOTTUS - LA SERENA";"El código de local 'C00510T' ya existe (línea 281)."
282;C00511T;"0511 TOTTUS - VALLENAR";"El código de local 'C00511T' ya existe (línea 282)."
283;C00512T;"0512 TOTTUS - LA SERENA";"El código de local 'C00512T' ya existe (línea 283)."
284;C00513T;"0513 TOTTUS - ANTOFAGASTA";"El código de local 'C00513T' ya existe (línea 284)."
285;C00003U;"0003 UNIMARC - OLMUE";"El código de local 'C00003U' ya existe (línea 285)."
286;C00005U;"0005 UNIMARC - LA SERENA";"El código de local 'C00005U' ya existe (línea 286)."
287;C00006U;"0006 UNIMARC - COQUIMBO";"El código de local 'C00006U' ya existe (línea 287)."
288;C00007U;"0007 UNIMARC - VALLENAR";"El código de local 'C00007U' ya existe (línea 288)."
289;C00008U;"0008 UNIMARC - LA SERENA";"El código de local 'C00008U' ya existe (línea 289)."
290;C00009U;"0009 UNIMARC - COQUIMBO";"El código de local 'C00009U' ya existe (línea 290)."
291;C00010U;"0010 UNIMARC - TILTIL";"El código de local 'C00010U' ya existe (línea 291)."
292;C00011U;"0011 UNIMARC - COQUIMBO";"El código de local 'C00011U' ya existe (línea 292)."
293;C00012U;"0012 UNIMARC - LA SERENA";"El código de local 'C00012U' ya existe (línea 293)."
294;C00013U;"0013 UNIMARC - ANTOFAGASTA";"El código de local 'C00013U' ya existe (línea 294)."
295;C00014U;"0014 UNIMARC - COPIAPO";"El código de local 'C00014U' ya existe (línea 295)."
296;C00016U;"0016 UNIMARC - VALLENAR";"El código de local 'C00016U' ya existe (línea 296)."
297;C00017U;"0017 UNIMARC - COQUIMBO";"El código de local 'C00017U' ya existe (línea 297)."
298;C00018U;"0018 UNIMARC - COPIAPO";"El código de local 'C00018U' ya existe (línea 298)."
299;C00019U;"0019 UNIMARC - ANTOFAGASTA";"El código de local 'C00019U' ya existe (línea 299)."
300;C00020U;"0020 UNIMARC - COPIAPO";"El código de local 'C00020U' ya existe (línea 300)."
301;C00021U;"0021 UNIMARC - OVALLE";"El código de local 'C00021U' ya existe (línea 301)."
302;C00022U;"0022 UNIMARC - COPIAPO";"El código de local 'C00022U' ya existe (línea 302)."
303;C00023U;"0023 UNIMARC - COPIAPO";"El código de local 'C00023U' ya existe (línea 303)."
304;C00024U;"0024 UNIMARC - COPIAPO";"El código de local 'C00024U' ya existe (línea 304)."
305;C00025U;"0025 UNIMARC - COPIAPO";"El código de local 'C00025U' ya existe (línea 305)."
306;C00027U;"0027 UNIMARC - ANTOFAGASTA";"El código de local 'C00027U' ya existe (línea 306)."
307;C00028U;"0028 UNIMARC - ANTOFAGASTA";"El código de local 'C00028U' ya existe (línea 307)."
308;C00029U;"0029 UNIMARC - ANTOFAGASTA";"El código de local 'C00029U' ya existe (línea 308)."
309;C00030U;"0030 UNIMARC - LA SERENA";"El código de local 'C00030U' ya existe (línea 309)."
310;C00031U;"0031 UNIMARC - EL BOSQUE";"El código de local 'C00031U' ya existe (línea 310)."
311;C00032U;"0032 UNIMARC - COPIAPO";"El código de local 'C00032U' ya existe (línea 311)."
312;C00033U;"0033 UNIMARC - ANTOFAGASTA";"El código de local 'C00033U' ya existe (línea 312)."
313;C00034U;"0034 UNIMARC - ANTOFAGASTA";"El código de local 'C00034U' ya existe (línea 313)."
314;C00035U;"0035 UNIMARC - CURACAVI";"El código de local 'C00035U' ya existe (línea 314)."
315;C00041U;"0041 UNIMARC - NUNOA";"El código de local 'C00041U' ya existe (línea 315)."
316;C00043U;"0043 UNIMARC - LAMPA";"El código de local 'C00043U' ya existe (línea 316)."
317;C00045U;"0045 UNIMARC - MAIPU";"El código de local 'C00045U' ya existe (línea 317)."
318;C00046U;"0046 UNIMARC - CALAMA";"El código de local 'C00046U' ya existe (línea 318)."
319;C00047U;"0047 UNIMARC - ANTOFAGASTA";"El código de local 'C00047U' ya existe (línea 319)."
320;C00048U;"0048 UNIMARC - ANTOFAGASTA";"El código de local 'C00048U' ya existe (línea 320)."
321;C00049U;"0049 UNIMARC - LA FLORIDA";"El código de local 'C00049U' ya existe (línea 321)."
322;C00050U;"0050 UNIMARC - ILLAPEL";"El código de local 'C00050U' ya existe (línea 322)."
323;C00051U;"0051 UNIMARC - QUILLOTA";"El código de local 'C00051U' ya existe (línea 323)."
324;C00053U;"0053 UNIMARC - SAN FELIPE";"El código de local 'C00053U' ya existe (línea 324)."
325;C00054U;"0054 UNIMARC - LOS ANDES";"El código de local 'C00054U' ya existe (línea 325)."
326;C00056U;"0056 UNIMARC - LAMPA";"El código de local 'C00056U' ya existe (línea 326)."
327;C00058U;"0058 UNIMARC - PUENTE ALTO";"El código de local 'C00058U' ya existe (línea 327)."
328;C00059U;"0059 UNIMARC - ILLAPEL";"El código de local 'C00059U' ya existe (línea 328)."
329;C00060U;"0060 UNIMARC - LOS VILOS";"El código de local 'C00060U' ya existe (línea 329)."
330;C00062U;"0062 UNIMARC - QUINTA NORMAL";"El código de local 'C00062U' ya existe (línea 330)."
331;C00067U;"0067 UNIMARC - CASABLANCA";"El código de local 'C00067U' ya existe (línea 331)."
332;C00068U;"0068 UNIMARC - BUIN";"El código de local 'C00068U' ya existe (línea 332)."
333;C00071U;"0071 UNIMARC - PENCO";"El código de local 'C00071U' ya existe (línea 333)."
334;C00074U;"0074 UNIMARC - TALCAHUANO";"El código de local 'C00074U' ya existe (línea 334)."
335;C00075U;"0075 UNIMARC - CONCEPCION";"El código de local 'C00075U' ya existe (línea 335)."
336;C00076U;"0076 UNIMARC - CORONEL";"El código de local 'C00076U' ya existe (línea 336)."
337;C00077U;"0077 UNIMARC - LOTA";"El código de local 'C00077U' ya existe (línea 337)."
338;C00078U;"0078 UNIMARC - PENCO";"El código de local 'C00078U' ya existe (línea 338)."
339;C00079U;"0079 UNIMARC - CHIGUAYANTE";"El código de local 'C00079U' ya existe (línea 339)."
340;C00080U;"0080 UNIMARC - ANGOL";"El código de local 'C00080U' ya existe (línea 340)."
341;C00081U;"0081 UNIMARC - SAN PEDRO DE LA PAZ";"El código de local 'C00081U' ya existe (línea 341)."
342;C00082U;"0082 UNIMARC - BUIN";"El código de local 'C00082U' ya existe (línea 342)."
343;C00085U;"0085 UNIMARC - IQUIQUE";"El código de local 'C00085U' ya existe (línea 343)."
344;C00086U;"0086 UNIMARC - IQUIQUE";"El código de local 'C00086U' ya existe (línea 344)."
345;C00087U;"0087 UNIMARC - IQUIQUE";"El código de local 'C00087U' ya existe (línea 345)."
346;C00088U;"0088 UNIMARC - LINARES";"El código de local 'C00088U' ya existe (línea 346)."
347;C00091U;"0091 UNIMARC - COMBARBALA";"El código de local 'C00091U' ya existe (línea 347)."
348;C00092U;"0092 UNIMARC - LIMACHE";"El código de local 'C00092U' ya existe (línea 348)."
349;C00093U;"0093 UNIMARC - SAN FERNANDO";"El código de local 'C00093U' ya existe (línea 349)."
350;C00096U;"0096 UNIMARC - SAN FERNANDO";"El código de local 'C00096U' ya existe (línea 350)."
351;C00097U;"0097 UNIMARC - SALAMANCA";"El código de local 'C00097U' ya existe (línea 351)."
352;C00103U;"0103 UNIMARC - IQUIQUE";"El código de local 'C00103U' ya existe (línea 352)."
353;C00105U;"0105 UNIMARC - IQUIQUE";"El código de local 'C00105U' ya existe (línea 353)."
354;C00106U;"0106 UNIMARC - IQUIQUE";"El código de local 'C00106U' ya existe (línea 354)."
355;C00107U;"0107 UNIMARC - OVALLE";"El código de local 'C00107U' ya existe (línea 355)."
356;C00109U;"0109 UNIMARC - ANTOFAGASTA";"El código de local 'C00109U' ya existe (línea 356)."
357;C00110U;"0110 UNIMARC - ANTOFAGASTA";"El código de local 'C00110U' ya existe (línea 357)."
358;C00111U;"0111 UNIMARC - CALAMA";"El código de local 'C00111U' ya existe (línea 358)."
359;C00324U;"0324 UNIMARC - RANCAGUA";"El código de local 'C00324U' ya existe (línea 359)."
360;C00325U;"0325 UNIMARC - NUNOA";"El código de local 'C00325U' ya existe (línea 360)."
361;C00326U;"0326 UNIMARC - LAS CONDES";"El código de local 'C00326U' ya existe (línea 361)."
362;C00327U;"0327 UNIMARC - LAS CONDES";"El código de local 'C00327U' ya existe (línea 362)."
363;C00328U;"0328 UNIMARC - EL BOSQUE";"El código de local 'C00328U' ya existe (línea 363)."
364;C00331U;"0331 UNIMARC - SANTIAGO";"El código de local 'C00331U' ya existe (línea 364)."
365;C00332U;"0332 UNIMARC - VINA DEL MAR";"El código de local 'C00332U' ya existe (línea 365)."
366;C00333U;"0333 UNIMARC - NUNOA";"El código de local 'C00333U' ya existe (línea 366)."
367;C00335U;"0335 UNIMARC - VITACURA";"El código de local 'C00335U' ya existe (línea 367)."
368;C00336U;"0336 UNIMARC - CONCEPCION";"El código de local 'C00336U' ya existe (línea 368)."
369;C00340U;"0340 UNIMARC - LA REINA";"El código de local 'C00340U' ya existe (línea 369)."
370;C00343U;"0343 UNIMARC - VINA DEL MAR";"El código de local 'C00343U' ya existe (línea 370)."
371;C00344U;"0344 UNIMARC - CURICO";"El código de local 'C00344U' ya existe (línea 371)."
372;C00345U;"0345 UNIMARC - CHILLAN";"El código de local 'C00345U' ya existe (línea 372)."
373;C00347U;"0347 UNIMARC - MAIPU";"El código de local 'C00347U' ya existe (línea 373)."
374;C00352U;"0352 UNIMARC - NUNOA";"El código de local 'C00352U' ya existe (línea 374)."
375;C00353U;"0353 UNIMARC - INDEPENDENCIA";"El código de local 'C00353U' ya existe (línea 375)."
376;C00355U;"0355 UNIMARC - PROVIDENCIA";"El código de local 'C00355U' ya existe (línea 376)."
377;C00357U;"0357 UNIMARC - NUNOA";"El código de local 'C00357U' ya existe (línea 377)."
378;C00366U;"0366 UNIMARC - VILLARRICA";"El código de local 'C00366U' ya existe (línea 378)."
379;C00374U;"0374 UNIMARC - NACIMIENTO";"El código de local 'C00374U' ya existe (línea 379)."
380;C00375U;"0375 UNIMARC - VALDIVIA";"El código de local 'C00375U' ya existe (línea 380)."
381;C00376U;"0376 UNIMARC - VALDIVIA";"El código de local 'C00376U' ya existe (línea 381)."
382;C00396U;"0396 UNIMARC - QUINTERO";"El código de local 'C00396U' ya existe (línea 382)."
383;C00398U;"0398 UNIMARC - CONSTITUCION";"El código de local 'C00398U' ya existe (línea 383)."
384;C00402U;"0402 UNIMARC - TALCA";"El código de local 'C00402U' ya existe (línea 384)."
385;C00408U;"0408 UNIMARC - SANTO DOMINGO";"El código de local 'C00408U' ya existe (línea 385)."
386;C00413U;"0413 UNIMARC - LOS MUERMOS";"El código de local 'C00413U' ya existe (línea 386)."
387;C00441U;"0441 UNIMARC - COYHAIQUE";"El código de local 'C00441U' ya existe (línea 387)."
388;C00442U;"0442 UNIMARC - COYHAIQUE";"El código de local 'C00442U' ya existe (línea 388)."
389;C00445U;"0445 UNIMARC - VILLA ALEMANA";"El código de local 'C00445U' ya existe (línea 389)."
390;C00457U;"0457 UNIMARC - PUNTA ARENAS";"El código de local 'C00457U' ya existe (línea 390)."
391;C00458U;"0458 UNIMARC - PUNTA ARENAS";"El código de local 'C00458U' ya existe (línea 391)."
392;C00459U;"0459 UNIMARC - PUNTA ARENAS";"El código de local 'C00459U' ya existe (línea 392)."
393;C00461U;"0461 UNIMARC - PUNTA ARENAS";"El código de local 'C00461U' ya existe (línea 393)."
394;C00463U;"0463 UNIMARC - PUNTA ARENAS";"El código de local 'C00463U' ya existe (línea 394)."
395;C00464U;"0464 UNIMARC - PUNTA ARENAS";"El código de local 'C00464U' ya existe (línea 395)."
396;C00465U;"0465 UNIMARC - PUERTO NATALES";"El código de local 'C00465U' ya existe (línea 396)."
397;C00466U;"0466 UNIMARC - QUILLOTA";"El código de local 'C00466U' ya existe (línea 397)."
398;C00469U;"0469 UNIMARC - LAS CONDES";"El código de local 'C00469U' ya existe (línea 398)."
399;C00472U;"0472 UNIMARC - COPIAPO";"El código de local 'C00472U' ya existe (línea 399)."
400;C00474U;"0474 UNIMARC - CHILLAN";"El código de local 'C00474U' ya existe (línea 400)."
401;C00475U;"0475 UNIMARC - SANTIAGO";"El código de local 'C00475U' ya existe (línea 401)."
402;C00476U;"0476 UNIMARC - LAS CONDES";"El código de local 'C00476U' ya existe (línea 402)."
403;C00477U;"0477 UNIMARC - VALPARAISO";"El código de local 'C00477U' ya existe (línea 403)."
404;C00481U;"0481 UNIMARC - CONCHALI";"El código de local 'C00481U' ya existe (línea 404)."
405;C00482U;"0482 UNIMARC - MAIPU";"El código de local 'C00482U' ya existe (línea 405)."
406;C00483U;"0483 UNIMARC - SANTO DOMINGO";"El código de local 'C00483U' ya existe (línea 406)."
407;C00485U;"0485 UNIMARC - EL QUISCO";"El código de local 'C00485U' ya existe (línea 407)."
408;C00486U;"0486 UNIMARC - PUDAHUEL";"El código de local 'C00486U' ya existe (línea 408)."
409;C00510U;"0510 UNIMARC - CURICO";"El código de local 'C00510U' ya existe (línea 409)."
410;C00511U;"0511 UNIMARC - CURICO";"El código de local 'C00511U' ya existe (línea 410)."
411;C00512U;"0512 UNIMARC - MOLINA";"El código de local 'C00512U' ya existe (línea 411)."
412;C00513U;"0513 UNIMARC - TENO";"El código de local 'C00513U' ya existe (línea 412)."
413;C00515U;"0515 UNIMARC - CAUQUENES";"El código de local 'C00515U' ya existe (línea 413)."
414;C00517U;"0517 UNIMARC - CURICO";"El código de local 'C00517U' ya existe (línea 414)."
415;C00518U;"0518 UNIMARC - LONCOCHE";"El código de local 'C00518U' ya existe (línea 415)."
416;C00519U;"0519 UNIMARC - TRAIGUEN";"El código de local 'C00519U' ya existe (línea 416)."
417;C00520U;"0520 UNIMARC - CURICO";"El código de local 'C00520U' ya existe (línea 417)."
418;C00521U;"0521 UNIMARC - COLLIPULLI";"El código de local 'C00521U' ya existe (línea 418)."
419;C00525U;"0525 UNIMARC - LAUTARO";"El código de local 'C00525U' ya existe (línea 419)."
420;C00526U;"0526 UNIMARC - PITRUFQUEN";"El código de local 'C00526U' ya existe (línea 420)."
421;C00529U;"0529 UNIMARC - NUEVA IMPERIAL";"El código de local 'C00529U' ya existe (línea 421)."
422;C00531U;"0531 UNIMARC - MULCHEN";"El código de local 'C00531U' ya existe (línea 422)."
423;C00532U;"0532 UNIMARC - CURACAUTIN";"El código de local 'C00532U' ya existe (línea 423)."
424;C00535U;"0535 UNIMARC - RANCAGUA";"El código de local 'C00535U' ya existe (línea 424)."
425;C00536U;"0536 UNIMARC - MOLINA";"El código de local 'C00536U' ya existe (línea 425)."
426;C00537U;"0537 UNIMARC - VICTORIA";"El código de local 'C00537U' ya existe (línea 426)."
427;C00538U;"0538 UNIMARC - LAS CABRAS";"El código de local 'C00538U' ya existe (línea 427)."
428;C00541U;"0541 UNIMARC - LOS LAGOS";"El código de local 'C00541U' ya existe (línea 428)."
429;C00542U;"0542 UNIMARC - LOS LAGOS";"El código de local 'C00542U' ya existe (línea 429)."
430;C00543U;"0543 UNIMARC - PEUMO";"El código de local 'C00543U' ya existe (línea 430)."
431;C00544U;"0544 UNIMARC - PURRANQUE";"El código de local 'C00544U' ya existe (línea 431)."
432;C00545U;"0545 UNIMARC - SAGRADA FAMILIA";"El código de local 'C00545U' ya existe (línea 432)."
433;C00550U;"0550 UNIMARC - LLAY-LLAY";"El código de local 'C00550U' ya existe (línea 433)."
434;C00552U;"0552 UNIMARC - SAN CLEMENTE";"El código de local 'C00552U' ya existe (línea 434)."
435;C00553U;"0553 UNIMARC - CHIMBARONGO";"El código de local 'C00553U' ya existe (línea 435)."
436;C00554U;"0554 UNIMARC - NANCAGUA";"El código de local 'C00554U' ya existe (línea 436)."
437;C00555U;"0555 UNIMARC - GRANEROS";"El código de local 'C00555U' ya existe (línea 437)."
438;C00556U;"0556 UNIMARC - MOLINA";"El código de local 'C00556U' ya existe (línea 438)."
439;C00557U;"0557 UNIMARC - ROMERAL";"El código de local 'C00557U' ya existe (línea 439)."
440;C00573U;"0573 UNIMARC - OVALLE";"El código de local 'C00573U' ya existe (línea 440)."
441;C00576U;"0576 UNIMARC - CASTRO";"El código de local 'C00576U' ya existe (línea 441)."
442;C00578U;"0578 UNIMARC - QUINCHAO";"El código de local 'C00578U' ya existe (línea 442)."
443;C00580U;"0580 UNIMARC - PUDAHUEL";"El código de local 'C00580U' ya existe (línea 443)."
444;C00581U;"0581 UNIMARC - LA FLORIDA";"El código de local 'C00581U' ya existe (línea 444)."
445;C00583U;"0583 UNIMARC - SAN JAVIER";"El código de local 'C00583U' ya existe (línea 445)."
446;C00585U;"0585 UNIMARC - PUERTO MONTT";"El código de local 'C00585U' ya existe (línea 446)."
447;C00586U;"0586 UNIMARC - BUIN";"El código de local 'C00586U' ya existe (línea 447)."
448;C00600U;"0600 UNIMARC - ALTO HOSPICIO";"El código de local 'C00600U' ya existe (línea 448)."
449;C00601U;"0601 UNIMARC - CHIGUAYANTE";"El código de local 'C00601U' ya existe (línea 449)."
450;C00602U;"0602 UNIMARC - CONCEPCION";"El código de local 'C00602U' ya existe (línea 450)."
451;C00621U;"0621 UNIMARC - EL TABO";"El código de local 'C00621U' ya existe (línea 451)."
452;C00624U;"0624 UNIMARC - PUCHUNCAVI";"El código de local 'C00624U' ya existe (línea 452)."
453;C00625U;"0625 UNIMARC - QUINTERO";"El código de local 'C00625U' ya existe (línea 453)."
454;C00626U;"0626 UNIMARC - LA SERENA";"El código de local 'C00626U' ya existe (línea 454)."
455;C00628U;"0628 UNIMARC - CARTAGENA";"El código de local 'C00628U' ya existe (línea 455)."
456;C00633U;"0633 UNIMARC - CHIMBARONGO";"El código de local 'C00633U' ya existe (línea 456)."
457;C00641U;"0641 UNIMARC - VICUNA";"El código de local 'C00641U' ya existe (línea 457)."
458;C00642U;"0642 UNIMARC - PUERTO MONTT";"El código de local 'C00642U' ya existe (línea 458)."
459;C00643U;"0643 UNIMARC - BUIN";"El código de local 'C00643U' ya existe (línea 459)."
460;C00644U;"0644 UNIMARC - RANCAGUA";"El código de local 'C00644U' ya existe (línea 460)."
461;C00645U;"0645 UNIMARC - RANCAGUA";"El código de local 'C00645U' ya existe (línea 461)."
462;C00671U;"0671 UNIMARC - LO BARNECHEA";"El código de local 'C00671U' ya existe (línea 462)."
463;C00673U;"0673 UNIMARC - CALAMA";"El código de local 'C00673U' ya existe (línea 463)."
464;C00674U;"0674 UNIMARC - CALAMA";"El código de local 'C00674U' ya existe (línea 464)."
465;C00681U;"0681 UNIMARC - ARICA";"El código de local 'C00681U' ya existe (línea 465)."
466;C00683U;"0683 UNIMARC - LA CISTERNA";"El código de local 'C00683U' ya existe (línea 466)."
467;C00685U;"0685 UNIMARC - LOS ANGELES";"El código de local 'C00685U' ya existe (línea 467)."
468;C00686U;"0686 UNIMARC - RANCAGUA";"El código de local 'C00686U' ya existe (línea 468)."
469;C00703U;"0703 UNIMARC - CORONEL";"El código de local 'C00703U' ya existe (línea 469)."
470;C00709U;"0709 UNIMARC - CHIGUAYANTE";"El código de local 'C00709U' ya existe (línea 470)."
471;C00710U;"0710 UNIMARC - SAN PEDRO DE LA PAZ";"El código de local 'C00710U' ya existe (línea 471)."
472;C00712U;"0712 UNIMARC - SAN CARLOS";"El código de local 'C00712U' ya existe (línea 472)."
473;C00713U;"0713 UNIMARC - TALCAHUANO";"El código de local 'C00713U' ya existe (línea 473)."
474;C00714U;"0714 UNIMARC - VINA DEL MAR";"El código de local 'C00714U' ya existe (línea 474)."
475;C00715U;"0715 UNIMARC - ARAUCO";"El código de local 'C00715U' ya existe (línea 475)."
476;C00716U;"0716 UNIMARC - LOTA";"El código de local 'C00716U' ya existe (línea 476)."
477;C00717U;"0717 UNIMARC - VINA DEL MAR";"El código de local 'C00717U' ya existe (línea 477)."
478;C00720U;"0720 UNIMARC - CURANILAHUE";"El código de local 'C00720U' ya existe (línea 478)."
479;C00721U;"0721 UNIMARC - BULNES";"El código de local 'C00721U' ya existe (línea 479)."
480;C00722U;"0722 UNIMARC - LEBU";"El código de local 'C00722U' ya existe (línea 480)."
481;C00723U;"0723 UNIMARC - LAJA";"El código de local 'C00723U' ya existe (línea 481)."
482;C00724U;"0724 UNIMARC - TOME";"El código de local 'C00724U' ya existe (línea 482)."
483;C00725U;"0725 UNIMARC - QUILLON";"El código de local 'C00725U' ya existe (línea 483)."
484;C00726U;"0726 UNIMARC - COIHUECO";"El código de local 'C00726U' ya existe (línea 484)."
485;C00732U;"0732 UNIMARC - YUNGAY";"El código de local 'C00732U' ya existe (línea 485)."
486;C00733U;"0733 UNIMARC - CHILLAN VIEJO";"El código de local 'C00733U' ya existe (línea 486)."
487;C00734U;"0734 UNIMARC - YUMBEL";"El código de local 'C00734U' ya existe (línea 487)."
488;C00735U;"0735 UNIMARC - CABRERO";"El código de local 'C00735U' ya existe (línea 488)."
489;C00736U;"0736 UNIMARC - CORONEL";"El código de local 'C00736U' ya existe (línea 489)."
490;C00737U;"0737 UNIMARC - HUALQUI";"El código de local 'C00737U' ya existe (línea 490)."
491;C00738U;"0738 UNIMARC - COELEMU";"El código de local 'C00738U' ya existe (línea 491)."
492;C00740U;"0740 UNIMARC - HUALPEN";"El código de local 'C00740U' ya existe (línea 492)."
493;C00744U;"0744 UNIMARC - LOS ANGELES";"El código de local 'C00744U' ya existe (línea 493)."
494;C00745U;"0745 UNIMARC - CANETE";"El código de local 'C00745U' ya existe (línea 494)."
495;C00746U;"0746 UNIMARC - TUCAPEL";"El código de local 'C00746U' ya existe (línea 495)."
496;C00747U;"0747 UNIMARC - SAN PEDRO DE LA PAZ";"El código de local 'C00747U' ya existe (línea 496)."
497;C00748U;"0748 UNIMARC - HUALPEN";"El código de local 'C00748U' ya existe (línea 497)."
498;C00749U;"0749 UNIMARC - EL CARMEN";"El código de local 'C00749U' ya existe (línea 498)."
499;C00750U;"0750 UNIMARC - CANETE";"El código de local 'C00750U' ya existe (línea 499)."
500;C00752U;"0752 UNIMARC - TEMUCO";"El código de local 'C00752U' ya existe (línea 500)."
501;C00754U;"0754 UNIMARC - TEMUCO";"El código de local 'C00754U' ya existe (línea 501)."
502;C00755U;"0755 UNIMARC - TALCA";"El código de local 'C00755U' ya existe (línea 502)."
503;C00756U;"0756 UNIMARC - TALCA";"El código de local 'C00756U' ya existe (línea 503)."
504;C00758U;"0758 UNIMARC - TALCA";"El código de local 'C00758U' ya existe (línea 504)."
505;C00759U;"0759 UNIMARC - LOS ANGELES";"El código de local 'C00759U' ya existe (línea 505)."
506;C00760U;"0760 UNIMARC - LOS ANGELES";"El código de local 'C00760U' ya existe (línea 506)."
507;C00761U;"0761 UNIMARC - LOS ANGELES";"El código de local 'C00761U' ya existe (línea 507)."
508;C00763U;"0763 UNIMARC - PUERTO MONTT";"El código de local 'C00763U' ya existe (línea 508)."
509;C00764U;"0764 UNIMARC - PUERTO MONTT";"El código de local 'C00764U' ya existe (línea 509)."
510;C00766U;"0766 UNIMARC - PUERTO MONTT";"El código de local 'C00766U' ya existe (línea 510)."
511;C00767U;"0767 UNIMARC - ANCUD";"El código de local 'C00767U' ya existe (línea 511)."
512;C00769U;"0769 UNIMARC - CALBUCO";"El código de local 'C00769U' ya existe (línea 512)."
513;C00770U;"0770 UNIMARC - QUELLON";"El código de local 'C00770U' ya existe (línea 513)."
514;C00771U;"0771 UNIMARC - PUERTO MONTT";"El código de local 'C00771U' ya existe (línea 514)."
515;C00773U;"0773 UNIMARC - LLANQUIHUE";"El código de local 'C00773U' ya existe (línea 515)."
516;C00774U;"0774 UNIMARC - PUERTO MONTT";"El código de local 'C00774U' ya existe (línea 516)."
517;C00777U;"0777 UNIMARC - OSORNO";"El código de local 'C00777U' ya existe (línea 517)."
518;C00778U;"0778 UNIMARC - OSORNO";"El código de local 'C00778U' ya existe (línea 518)."
519;C00779U;"0779 UNIMARC - OSORNO";"El código de local 'C00779U' ya existe (línea 519)."
520;C00780U;"0780 UNIMARC - OSORNO";"El código de local 'C00780U' ya existe (línea 520)."
521;C00782U;"0782 UNIMARC - VALDIVIA";"El código de local 'C00782U' ya existe (línea 521)."
522;C00784U;"0784 UNIMARC - LA UNION";"El código de local 'C00784U' ya existe (línea 522)."
523;C00786U;"0786 UNIMARC - PAILLACO";"El código de local 'C00786U' ya existe (línea 523)."
524;C00787U;"0787 UNIMARC - RIO BUENO";"El código de local 'C00787U' ya existe (línea 524)."
525;C00788U;"0788 UNIMARC - PANGUIPULLI";"El código de local 'C00788U' ya existe (línea 525)."
526;C00789U;"0789 UNIMARC - FRUTILLAR";"El código de local 'C00789U' ya existe (línea 526)."
527;C00791U;"0791 UNIMARC - VALDIVIA";"El código de local 'C00791U' ya existe (línea 527)."
528;C00797U;"0797 UNIMARC - RENCA";"El código de local 'C00797U' ya existe (línea 528)."
529;C00901U;"0901 UNIMARC - CALBUCO";"El código de local 'C00901U' ya existe (línea 529)."
530;C00902U;"0902 UNIMARC - VILLA ALEMANA";"El código de local 'C00902U' ya existe (línea 530)."
531;C00903U;"0903 UNIMARC - HUECHURABA";"El código de local 'C00903U' ya existe (línea 531)."
532;C00905U;"0905 UNIMARC - LA FLORIDA";"El código de local 'C00905U' ya existe (línea 532)."
533;C00906U;"0906 UNIMARC - TEMUCO";"El código de local 'C00906U' ya existe (línea 533)."
534;C00907U;"0907 UNIMARC - TALCAHUANO";"El código de local 'C00907U' ya existe (línea 534)."
535;C00909U;"0909 UNIMARC - TEMUCO";"El código de local 'C00909U' ya existe (línea 535)."
536;C00910U;"0910 UNIMARC - MAIPU";"El código de local 'C00910U' ya existe (línea 536)."
537;C00911U;"0911 UNIMARC - MAIPU";"El código de local 'C00911U' ya existe (línea 537)."
538;C00912U;"0912 UNIMARC - LA FLORIDA";"El código de local 'C00912U' ya existe (línea 538)."
539;C00913U;"0913 UNIMARC - CHILLAN";"El código de local 'C00913U' ya existe (línea 539)."
540;C00914U;"0914 UNIMARC - SAN PEDRO DE LA PAZ";"El código de local 'C00914U' ya existe (línea 540)."
541;C00915U;"0915 UNIMARC - PUERTO MONTT";"El código de local 'C00915U' ya existe (línea 541)."
542;C00916U;"0916 UNIMARC - PUERTO MONTT";"El código de local 'C00916U' ya existe (línea 542)."
543;C00917U;"0917 UNIMARC - LO BARNECHEA";"El código de local 'C00917U' ya existe (línea 543)."
544;C00920U;"0920 UNIMARC - TEMUCO";"El código de local 'C00920U' ya existe (línea 544)."
545;C00923U;"0923 UNIMARC - ARICA";"El código de local 'C00923U' ya existe (línea 545)."
546;C00925U;"0925 UNIMARC - PUERTO MONTT";"El código de local 'C00925U' ya existe (línea 546)."
547;C00926U;"0926 UNIMARC - VITACURA";"El código de local 'C00926U' ya existe (línea 547)."
548;C00928U;"0928 UNIMARC - PADRE LAS CASAS";"El código de local 'C00928U' ya existe (línea 548)."
549;C00931U;"0931 UNIMARC - SAN BERNARDO";"El código de local 'C00931U' ya existe (línea 549)."
550;C00935U;"0935 UNIMARC - SAN FELIPE";"El código de local 'C00935U' ya existe (línea 550)."
551;C00939U;"0939 UNIMARC - QUILPUE";"El código de local 'C00939U' ya existe (línea 551)."
552;C00953U;"0953 UNIMARC - PENALOLEN";"El código de local 'C00953U' ya existe (línea 552)."
553;C00954U;"0954 UNIMARC - LA SERENA";"El código de local 'C00954U' ya existe (línea 553)."
554;C00955U;"0955 UNIMARC - SALAMANCA";"El código de local 'C00955U' ya existe (línea 554)."
555;C00957U;"0957 UNIMARC - VALPARAISO";"El código de local 'C00957U' ya existe (línea 555)."
556;C00959U;"0959 UNIMARC - PUCON";"El código de local 'C00959U' ya existe (línea 556)."
557;C00960U;"0960 UNIMARC - PUENTE ALTO";"El código de local 'C00960U' ya existe (línea 557)."
558;C00961U;"0961 UNIMARC - ANTOFAGASTA";"El código de local 'C00961U' ya existe (línea 558)."
559;C00962U;"0962 UNIMARC - SANTIAGO";"El código de local 'C00962U' ya existe (línea 559)."
560;C00963U;"0963 UNIMARC - LA SERENA";"El código de local 'C00963U' ya existe (línea 560)."
561;C00965U;"0965 UNIMARC - TALCA";"El código de local 'C00965U' ya existe (línea 561)."
562;C00966U;"0966 UNIMARC - CORONEL";"El código de local 'C00966U' ya existe (línea 562)."
563;C00977U;"0977 UNIMARC - QUELLON";"El código de local 'C00977U' ya existe (línea 563)."
564;C00978U;"0978 UNIMARC - SAN JOAQUIN";"El código de local 'C00978U' ya existe (línea 564)."
565;C00979U;"0979 UNIMARC - TALAGANTE";"El código de local 'C00979U' ya existe (línea 565)."
566;C00980U;"0980 UNIMARC - MAIPU";"El código de local 'C00980U' ya existe (línea 566)."
567;C00982U;"0982 UNIMARC - TEMUCO";"El código de local 'C00982U' ya existe (línea 567)."
568;C003024;"3024 MAYORISTA 10 - PENAFLOR";"El código de local 'C003024' ya existe (línea 568)."
569;C00410U;"410 UNIMARC - COQUIMBO";"El código de local 'C00410U' ya existe (línea 569)."
570;C00057U;"57 UNIMARC - ISLA DE MAIPO";"El código de local 'C00057U' ya existe (línea 570)."
571;C00095U;"95 UNIMARC - RENCA";"El código de local 'C00095U' ya existe (línea 571)."
572;C000400;"400 UNIMARC - RECOLETA";"El código de local 'C000400' ya existe (línea 572)."
573;C00037U;"37U UNIMARC - PIRQUE";"El código de local 'C00037U' ya existe (línea 573)."
574;C00089U;"89U UNIMARC - ESTACION CENTRAL";"El código de local 'C00089U' ya existe (línea 574)."
575;C00065U;"65U UNIMARC - INDEPENDENCIA";"El código de local 'C00065U' ya existe (línea 575)."
576;C00052U;"52U UNIMARC - LOS ANDES";"El código de local 'C00052U' ya existe (línea 576)."
