linea;codigo;"nombre local";"motivo de fallo"
2;C000007;"0007 ACUENTA - PAINE";"El código de local 'C000007' ya existe (línea 2)."
3;C000012;"0012 ACUENTA - PARRAL";"El código de local 'C000012' ya existe (línea 3)."
4;C000013;"0013 ACUENTA - TEMUCO";"El código de local 'C000013' ya existe (línea 4)."
5;C000050;"0050 ACUENTA - CHIMBARONGO";"El código de local 'C000050' ya existe (línea 5)."
6;C000154;"0154 ACUENTA - OVALLE";"El código de local 'C000154' ya existe (línea 6)."
7;C000155;"0155 ACUENTA - SAN JAVIER";"El código de local 'C000155' ya existe (línea 7)."
8;C000156;"0156 ACUENTA - TALCA";"El código de local 'C000156' ya existe (línea 8)."
9;C000160;"0160 ACUENTA - QUILLOTA";"El código de local 'C000160' ya existe (línea 9)."
10;C000161;"0161 ACUENTA - PUENTE ALTO";"El código de local 'C000161' ya existe (línea 10)."
11;C000167;"0167 ACUENTA - CERRO NAVIA";"El código de local 'C000167' ya existe (línea 11)."
12;C000168;"0168 ACUENTA - HUALPEN";"El código de local 'C000168' ya existe (línea 12)."
13;C000169;"0169 ACUENTA - MULCHEN";"El código de local 'C000169' ya existe (línea 13)."
14;C000170;"0170 ACUENTA - QUILICURA";"El código de local 'C000170' ya existe (línea 14)."
15;C000171;"0171 ACUENTA - SAN BERNARDO";"El código de local 'C000171' ya existe (línea 15)."
16;C000179;"0179 ACUENTA - MAIPU";"El código de local 'C000179' ya existe (línea 16)."
17;C000184;"0184 ACUENTA - CONCHALI";"El código de local 'C000184' ya existe (línea 17)."
18;C000186;"0186 ACUENTA - EL BOSQUE";"El código de local 'C000186' ya existe (línea 18)."
19;C000191;"0191 ACUENTA - LA GRANJA";"El código de local 'C000191' ya existe (línea 19)."
20;C000193;"0193 ACUENTA - PUENTE ALTO";"El código de local 'C000193' ya existe (línea 20)."
21;C000194;"0194 ACUENTA - PUERTO MONTT";"El código de local 'C000194' ya existe (línea 21)."
22;C000198;"0198 ACUENTA - CONCHALI";"El código de local 'C000198' ya existe (línea 22)."
23;C000243;"0243 ACUENTA - VINA DEL MAR";"El código de local 'C000243' ya existe (línea 23)."
24;C000439;"0439 ACUENTA - EL QUISCO";"El código de local 'C000439' ya existe (línea 24)."
25;C000440;"0440 ACUENTA - LEBU";"El código de local 'C000440' ya existe (línea 25)."
26;C000451;"0451 ACUENTA - MELIPILLA";"El código de local 'C000451' ya existe (línea 26)."
27;C000454;"0454 ACUENTA - LAUTARO";"El código de local 'C000454' ya existe (línea 27)."
28;C000467;"0467 ACUENTA - OVALLE";"El código de local 'C000467' ya existe (línea 28)."
29;C000478;"0478 ACUENTA - CORONEL";"El código de local 'C000478' ya existe (línea 29)."
30;C000483;"0483 ACUENTA - LA FLORIDA";"El código de local 'C000483' ya existe (línea 30)."
31;C000490;"0490 ACUENTA - ISLA DE MAIPO";"El código de local 'C000490' ya existe (línea 31)."
32;C000500;"0500 ACUENTA - VINA DEL MAR";"El código de local 'C000500' ya existe (línea 32)."
33;C000501;"0501 ACUENTA - TEMUCO";"El código de local 'C000501' ya existe (línea 33)."
34;C000502;"0502 ACUENTA - LINARES";"El código de local 'C000502' ya existe (línea 34)."
35;C000503;"0503 ACUENTA - PUENTE ALTO";"El código de local 'C000503' ya existe (línea 35)."
36;C000504;"0504 ACUENTA - PUDAHUEL";"El código de local 'C000504' ya existe (línea 36)."
37;C000505;"0505 ACUENTA - PENCO";"El código de local 'C000505' ya existe (línea 37)."
38;C000506;"0506 ACUENTA - LA CALERA";"El código de local 'C000506' ya existe (línea 38)."
39;C000507;"0507 ACUENTA - QUINTA NORMAL";"El código de local 'C000507' ya existe (línea 39)."
40;C000508;"0508 ACUENTA - TALCA";"El código de local 'C000508' ya existe (línea 40)."
41;C000511;"0511 ACUENTA - INDEPENDENCIA";"El código de local 'C000511' ya existe (línea 41)."
42;C000512;"0512 ACUENTA - PENAFLOR";"El código de local 'C000512' ya existe (línea 42)."
43;C000519;"0519 ACUENTA - PADRE LAS CASAS";"El código de local 'C000519' ya existe (línea 43)."
44;C000521;"0521 ACUENTA - CASTRO";"El código de local 'C000521' ya existe (línea 44)."
45;C000522;"0522 ACUENTA - VALDIVIA";"El código de local 'C000522' ya existe (línea 45)."
46;C000526;"0526 ACUENTA - CHILLAN VIEJO";"El código de local 'C000526' ya existe (línea 46)."
47;C000527;"0527 ACUENTA - CURICO";"El código de local 'C000527' ya existe (línea 47)."
48;C000528;"0528 ACUENTA - CURICO";"El código de local 'C000528' ya existe (línea 48)."
49;C000529;"0529 ACUENTA - LO ESPEJO";"El código de local 'C000529' ya existe (línea 49)."
50;C000531;"0531 ACUENTA - CHIGUAYANTE";"El código de local 'C000531' ya existe (línea 50)."
51;C000533;"0533 ACUENTA - MAIPU";"El código de local 'C000533' ya existe (línea 51)."
52;C000534;"0534 ACUENTA - PUERTO MONTT";"El código de local 'C000534' ya existe (línea 52)."
53;C000535;"0535 ACUENTA - MAIPU";"El código de local 'C000535' ya existe (línea 53)."
54;C000537;"0537 ACUENTA - OSORNO";"El código de local 'C000537' ya existe (línea 54)."
55;C000538;"0538 ACUENTA - PENALOLEN";"El código de local 'C000538' ya existe (línea 55)."
56;C000539;"0539 ACUENTA - RENCA";"El código de local 'C000539' ya existe (línea 56)."
57;C000540;"0540 ACUENTA - HUECHURABA";"El código de local 'C000540' ya existe (línea 57)."
58;C000541;"0541 ACUENTA - RENCA";"El código de local 'C000541' ya existe (línea 58)."
59;C000544;"0544 ACUENTA - SAN FELIPE";"El código de local 'C000544' ya existe (línea 59)."
60;C000545;"0545 ACUENTA - PUERTO MONTT";"El código de local 'C000545' ya existe (línea 60)."
61;C000551;"0551 ACUENTA - TALCAHUANO";"El código de local 'C000551' ya existe (línea 61)."
62;C000553;"0553 ACUENTA - BUIN";"El código de local 'C000553' ya existe (línea 62)."
63;C000554;"0554 ACUENTA - HUALPEN";"El código de local 'C000554' ya existe (línea 63)."
64;C000556;"0556 ACUENTA - LIMACHE";"El código de local 'C000556' ya existe (línea 64)."
65;C000557;"0557 ACUENTA - RANCAGUA";"El código de local 'C000557' ya existe (línea 65)."
66;C000558;"0558 ACUENTA - VALDIVIA";"El código de local 'C000558' ya existe (línea 66)."
67;C000559;"0559 ACUENTA - VALDIVIA";"El código de local 'C000559' ya existe (línea 67)."
68;C000560;"0560 ACUENTA - VILLARRICA";"El código de local 'C000560' ya existe (línea 68)."
69;C000561;"0561 ACUENTA - QUILLOTA";"El código de local 'C000561' ya existe (línea 69)."
70;C000562;"0562 ACUENTA - SAN FERNANDO";"El código de local 'C000562' ya existe (línea 70)."
71;C000565;"0565 ACUENTA - ANGOL";"El código de local 'C000565' ya existe (línea 71)."
72;C000566;"0566 ACUENTA - CHILLAN";"El código de local 'C000566' ya existe (línea 72)."
73;C000567;"0567 ACUENTA - ALTO HOSPICIO";"El código de local 'C000567' ya existe (línea 73)."
74;C000568;"0568 ACUENTA - MOLINA";"El código de local 'C000568' ya existe (línea 74)."
75;C000569;"0569 ACUENTA - TALCA";"El código de local 'C000569' ya existe (línea 75)."
76;C000570;"0570 ACUENTA - CAUQUENES";"El código de local 'C000570' ya existe (línea 76)."
77;C000571;"0571 ACUENTA - CERRILLOS";"El código de local 'C000571' ya existe (línea 77)."
78;C000572;"0572 ACUENTA - ALTO HOSPICIO";"El código de local 'C000572' ya existe (línea 78)."
79;C000573;"0573 ACUENTA - ARAUCO";"El código de local 'C000573' ya existe (línea 79)."
80;C000574;"0574 ACUENTA - NUEVA IMPERIAL";"El código de local 'C000574' ya existe (línea 80)."
81;C000575;"0575 ACUENTA - LA SERENA";"El código de local 'C000575' ya existe (línea 81)."
82;C000577;"0577 ACUENTA - RENGO";"El código de local 'C000577' ya existe (línea 82)."
83;C000578;"0578 ACUENTA - VALPARAISO";"El código de local 'C000578' ya existe (línea 83)."
84;C000579;"0579 ACUENTA - LAMPA";"El código de local 'C000579' ya existe (línea 84)."
85;C000580;"0580 ACUENTA - EL MONTE";"El código de local 'C000580' ya existe (línea 85)."
86;C000581;"0581 ACUENTA - COQUIMBO";"El código de local 'C000581' ya existe (línea 86)."
87;C000582;"0582 ACUENTA - SAN CARLOS";"El código de local 'C000582' ya existe (línea 87)."
88;C000583;"0583 ACUENTA - CONSTITUCION";"El código de local 'C000583' ya existe (línea 88)."
89;C000585;"0585 ACUENTA - CARTAGENA";"El código de local 'C000585' ya existe (línea 89)."
90;C000586;"0586 ACUENTA - PENCO";"El código de local 'C000586' ya existe (línea 90)."
91;C000587;"0587 ACUENTA - TOME";"El código de local 'C000587' ya existe (línea 91)."
92;C000588;"0588 ACUENTA - LOS ANGELES";"El código de local 'C000588' ya existe (línea 92)."
93;C000589;"0589 ACUENTA - LA LIGUA";"El código de local 'C000589' ya existe (línea 93)."
94;C000590;"0590 ACUENTA - SAN PEDRO DE LA PAZ";"El código de local 'C000590' ya existe (línea 94)."
95;C000591;"0591 ACUENTA - LOS ANGELES";"El código de local 'C000591' ya existe (línea 95)."
96;C000592;"0592 ACUENTA - TALCA";"El código de local 'C000592' ya existe (línea 96)."
97;C000593;"0593 ACUENTA - TALCA";"El código de local 'C000593' ya existe (línea 97)."
98;C000594;"0594 ACUENTA - LA UNION";"El código de local 'C000594' ya existe (línea 98)."
99;C000595;"0595 ACUENTA - SALAMANCA";"El código de local 'C000595' ya existe (línea 99)."
100;C000598;"0598 ACUENTA - GRANEROS";"El código de local 'C000598' ya existe (línea 100)."
101;C000622;"0622 ACUENTA - QUINTA NORMAL";"El código de local 'C000622' ya existe (línea 101)."
102;C000623;"0623 ACUENTA - COPIAPO";"El código de local 'C000623' ya existe (línea 102)."
103;C000636;"0636 ACUENTA - VICTORIA";"El código de local 'C000636' ya existe (línea 103)."
104;C000648;"0648 ACUENTA - ILLAPEL";"El código de local 'C000648' ya existe (línea 104)."
105;C000727;"0727 ACUENTA - PICHILEMU";"El código de local 'C000727' ya existe (línea 105)."
106;C000745;"0745 ACUENTA - VINA DEL MAR";"El código de local 'C000745' ya existe (línea 106)."
107;C000746;"0746 ACUENTA - CASABLANCA";"El código de local 'C000746' ya existe (línea 107)."
108;C000751;"0751 ACUENTA - MOSTAZAL";"El código de local 'C000751' ya existe (línea 108)."
109;C000766;"0766 ACUENTA - COQUIMBO";"El código de local 'C000766' ya existe (línea 109)."
110;C000767;"0767 ACUENTA - VINA DEL MAR";"El código de local 'C000767' ya existe (línea 110)."
111;C000771;"0771 ACUENTA - LOS ANDES";"El código de local 'C000771' ya existe (línea 111)."
112;C000772;"0772 ACUENTA - VALPARAISO";"El código de local 'C000772' ya existe (línea 112)."
113;C000773;"0773 ACUENTA - VICUNA";"El código de local 'C000773' ya existe (línea 113)."
114;C000783;"0783 ACUENTA - CURACAVI";"El código de local 'C000783' ya existe (línea 114)."
115;C000784;"0784 ACUENTA - RIO BUENO";"El código de local 'C000784' ya existe (línea 115)."
116;C000787;"0787 ACUENTA - CURANILAHUE";"El código de local 'C000787' ya existe (línea 116)."
117;C000793;"0793 ACUENTA - SAN ANTONIO";"El código de local 'C000793' ya existe (línea 117)."
118;C000805;"0805 ACUENTA - HUALQUI";"El código de local 'C000805' ya existe (línea 118)."
119;C000878;"0878 ACUENTA - PURRANQUE";"El código de local 'C000878' ya existe (línea 119)."
120;C000895;"0895 ACUENTA - CABILDO";"El código de local 'C000895' ya existe (línea 120)."
121;C000947;"0947 ACUENTA - LAS CABRAS";"El código de local 'C000947' ya existe (línea 121)."
122;C0948-1;"0948 ACUENTA - VALDIVIA";"El código de local 'C0948-1' ya existe (línea 122)."
123;C000948;"0948 ACUENTA - VALDIVIA";"El código de local 'C000948' ya existe (línea 123)."
124;C000954;"0954 ACUENTA - TEMUCO";"El código de local 'C000954' ya existe (línea 124)."
125;C000986;"0986 ACUENTA - FRUTILLAR";"El código de local 'C000986' ya existe (línea 125)."
126;C000987;"0987 ACUENTA - QUILLON";"El código de local 'C000987' ya existe (línea 126)."
127;C000997;"0997 ACUENTA - LOTA";"El código de local 'C000997' ya existe (línea 127)."
128;C000187;"187 ACUENTA - CABRERO";"El código de local 'C000187' ya existe (línea 128)."
129;C000980;"980 ACUENTA - CARAHUE";"El código de local 'C000980' ya existe (línea 129)."
130;C000996;"996 ACUENTA - SAN CLEMENTE";"El código de local 'C000996' ya existe (línea 130)."
131;C000011;"0011 CENTRAL MAYORISTA - PUENTE ALTO";"El código de local 'C000011' ya existe (línea 131)."
132;C000068;"0068 CENTRAL MAYORISTA - OSORNO";"El código de local 'C000068' ya existe (línea 132)."
133;C000159;"0159 CENTRAL MAYORISTA - PENALOLEN";"El código de local 'C000159' ya existe (línea 133)."
134;C000219;"0219 CENTRAL MAYORISTA - CERRILLOS";"El código de local 'C000219' ya existe (línea 134)."
135;C000453;"0453 CENTRAL MAYORISTA - CONCHALI";"El código de local 'C000453' ya existe (línea 135)."
136;C000513;"0513 CENTRAL MAYORISTA - TALCA";"El código de local 'C000513' ya existe (línea 136)."
137;C000776;"0776 CENTRAL MAYORISTA - LA PINTANA";"El código de local 'C000776' ya existe (línea 137)."
138;C000871;"0871 CENTRAL MAYORISTA - SAN BERNARDO";"El código de local 'C000871' ya existe (línea 138)."
139;C000939;"0939 CENTRAL MAYORISTA - CERRILLOS";"El código de local 'C000939' ya existe (línea 139)."
140;C000959;"0959 CENTRAL MAYORISTA - QUILPUE";"El código de local 'C000959' ya existe (línea 140)."
141;C000970;"0970 CENTRAL MAYORISTA - LA SERENA";"El código de local 'C000970' ya existe (línea 141)."
142;C000977;"0977 CENTRAL MAYORISTA - PUDAHUEL";"El código de local 'C000977' ya existe (línea 142)."
143;C000982;"0982 CENTRAL MAYORISTA - RANCAGUA";"El código de local 'C000982' ya existe (línea 143)."
144;C000001;"0001 LIDER EXPRESS - PROVIDENCIA";"El código de local 'C000001' ya existe (línea 144)."
145;C000002;"0002 LIDER EXPRESS - PROVIDENCIA";"El código de local 'C000002' ya existe (línea 145)."
146;C000004;"0004 LIDER EXPRESS - VITACURA";"El código de local 'C000004' ya existe (línea 146)."
147;C000008;"0008 LIDER EXPRESS - LAS CONDES";"El código de local 'C000008' ya existe (línea 147)."
148;C000015;"0015 LIDER EXPRESS - LAS CONDES";"El código de local 'C000015' ya existe (línea 148)."
149;C000016;"0016 LIDER EXPRESS - LO BARNECHEA";"El código de local 'C000016' ya existe (línea 149)."
150;C000018;"0018 LIDER EXPRESS - PROVIDENCIA";"El código de local 'C000018' ya existe (línea 150)."
151;C000034;"0034 LIDER EXPRESS - VINA DEL MAR";"El código de local 'C000034' ya existe (línea 151)."
152;C000040;"0040 LIDER EXPRESS - VALPARAISO";"El código de local 'C000040' ya existe (línea 152)."
153;C000043;"0043 LIDER EXPRESS - TALCA";"El código de local 'C000043' ya existe (línea 153)."
154;C000051;"0051 LIDER EXPRESS - PROVIDENCIA";"El código de local 'C000051' ya existe (línea 154)."
155;C000052;"0052 LIDER EXPRESS - NUNOA";"El código de local 'C000052' ya existe (línea 155)."
156;C000056;"0056 LIDER EXPRESS - SAN MIGUEL";"El código de local 'C000056' ya existe (línea 156)."
157;C000060;"0060 LIDER EXPRESS - LAS CONDES";"El código de local 'C000060' ya existe (línea 157)."
158;C000061;"0061 LIDER EXPRESS - MAIPU";"El código de local 'C000061' ya existe (línea 158)."
159;C000065;"0065 LIDER EXPRESS - PROVIDENCIA";"El código de local 'C000065' ya existe (línea 159)."
160;C000074;"0074 LIDER EXPRESS - LAS CONDES";"El código de local 'C000074' ya existe (línea 160)."
161;C000129;"0129 LIDER EXPRESS - PUERTO VARAS";"El código de local 'C000129' ya existe (línea 161)."
162;C000134;"0134 LIDER EXPRESS - LOS ANGELES";"El código de local 'C000134' ya existe (línea 162)."
163;C000139;"0139 LIDER EXPRESS - COLINA";"El código de local 'C000139' ya existe (línea 163)."
164;C000140;"0140 LIDER EXPRESS - ESTACION CENTRAL";"El código de local 'C000140' ya existe (línea 164)."
165;C000142;"0142 LIDER EXPRESS - TALCA";"El código de local 'C000142' ya existe (línea 165)."
166;C000144;"0144 LIDER EXPRESS - PARRAL";"El código de local 'C000144' ya existe (línea 166)."
167;C000146;"0146 LIDER EXPRESS - SAN JAVIER";"El código de local 'C000146' ya existe (línea 167)."
168;C000149;"0149 LIDER EXPRESS - COLINA";"El código de local 'C000149' ya existe (línea 168)."
169;C000164;"0164 LIDER EXPRESS - VINA DEL MAR";"El código de local 'C000164' ya existe (línea 169)."
170;C000165;"0165 LIDER EXPRESS - NUNOA";"El código de local 'C000165' ya existe (línea 170)."
171;C000166;"0166 LIDER EXPRESS - QUILPUE";"El código de local 'C000166' ya existe (línea 171)."
172;C000174;"0174 LIDER EXPRESS - MAIPU";"El código de local 'C000174' ya existe (línea 172)."
173;C000177;"0177 LIDER EXPRESS - ANTOFAGASTA";"El código de local 'C000177' ya existe (línea 173)."
174;C000180;"0180 LIDER EXPRESS - NUNOA";"El código de local 'C000180' ya existe (línea 174)."
175;C000188;"0188 LIDER EXPRESS - LAS CONDES";"El código de local 'C000188' ya existe (línea 175)."
176;C000189;"0189 LIDER EXPRESS - NUNOA";"El código de local 'C000189' ya existe (línea 176)."
177;C000195;"0195 LIDER EXPRESS - PUERTO MONTT";"El código de local 'C000195' ya existe (línea 177)."
178;C000196;"0196 LIDER EXPRESS - NUNOA";"El código de local 'C000196' ya existe (línea 178)."
179;C000463;"0463 LIDER EXPRESS - VALPARAISO";"El código de local 'C000463' ya existe (línea 179)."
180;C000514;"0514 LIDER EXPRESS - RANCAGUA";"El código de local 'C000514' ya existe (línea 180)."
181;C000516;"0516 LIDER EXPRESS - PENCO";"El código de local 'C000516' ya existe (línea 181)."
182;C000523;"0523 LIDER EXPRESS - LOS ANGELES";"El código de local 'C000523' ya existe (línea 182)."
183;C000524;"0524 LIDER EXPRESS - OSORNO";"El código de local 'C000524' ya existe (línea 183)."
184;C000525;"0525 LIDER EXPRESS - PADRE HURTADO";"El código de local 'C000525' ya existe (línea 184)."
185;C000600;"0600 LIDER EXPRESS - LA LIGUA";"El código de local 'C000600' ya existe (línea 185)."
186;C000601;"0601 LIDER EXPRESS - LOS ANDES";"El código de local 'C000601' ya existe (línea 186)."
187;C000603;"0603 LIDER EXPRESS - PENALOLEN";"El código de local 'C000603' ya existe (línea 187)."
188;C000605;"0605 LIDER EXPRESS - LA SERENA";"El código de local 'C000605' ya existe (línea 188)."
189;C000610;"0610 LIDER EXPRESS - PUENTE ALTO";"El código de local 'C000610' ya existe (línea 189)."
190;C000611;"0611 LIDER EXPRESS - LA FLORIDA";"El código de local 'C000611' ya existe (línea 190)."
191;C000612;"0612 LIDER EXPRESS - CHILLAN";"El código de local 'C000612' ya existe (línea 191)."
192;C000613;"0613 LIDER EXPRESS - PUENTE ALTO";"El código de local 'C000613' ya existe (línea 192)."
193;C000615;"0615 LIDER EXPRESS - VALPARAISO";"El código de local 'C000615' ya existe (línea 193)."
194;C000619;"0619 LIDER EXPRESS - PUERTO MONTT";"El código de local 'C000619' ya existe (línea 194)."
195;C000621;"0621 LIDER EXPRESS - SANTIAGO";"El código de local 'C000621' ya existe (línea 195)."
196;C000624;"0624 LIDER EXPRESS - LO BARNECHEA";"El código de local 'C000624' ya existe (línea 196)."
197;C000625;"0625 LIDER EXPRESS - CONCON";"El código de local 'C000625' ya existe (línea 197)."
198;C000627;"0627 LIDER EXPRESS - SAN VICENTE DE TAGUA TAGUA";"El código de local 'C000627' ya existe (línea 198)."
199;C000640;"0640 LIDER EXPRESS - SANTIAGO";"El código de local 'C000640' ya existe (línea 199)."
200;C000643;"0643 LIDER EXPRESS - PUENTE ALTO";"El código de local 'C000643' ya existe (línea 200)."
201;C000644;"0644 LIDER EXPRESS - SAN FELIPE";"El código de local 'C000644' ya existe (línea 201)."
202;C000645;"0645 LIDER EXPRESS - RANCAGUA";"El código de local 'C000645' ya existe (línea 202)."
203;C000646;"0646 LIDER EXPRESS - SAN PEDRO DE LA PAZ";"El código de local 'C000646' ya existe (línea 203)."
204;C000647;"0647 LIDER EXPRESS - PUCHUNCAVI";"El código de local 'C000647' ya existe (línea 204)."
205;C000650;"0650 LIDER EXPRESS - ALGARROBO";"El código de local 'C000650' ya existe (línea 205)."
206;C000652;"0652 LIDER EXPRESS - TEMUCO";"El código de local 'C000652' ya existe (línea 206)."
207;C000653;"0653 LIDER EXPRESS - CURICO";"El código de local 'C000653' ya existe (línea 207)."
208;C000656;"0656 LIDER EXPRESS - BUIN";"El código de local 'C000656' ya existe (línea 208)."
209;C000657;"0657 LIDER EXPRESS - CASTRO";"El código de local 'C000657' ya existe (línea 209)."
210;C000658;"0658 LIDER EXPRESS - PUERTO VARAS";"El código de local 'C000658' ya existe (línea 210)."
211;C000668;"0668 LIDER EXPRESS - LA CALERA";"El código de local 'C000668' ya existe (línea 211)."
212;C000674;"0674 LIDER EXPRESS - HUECHURABA";"El código de local 'C000674' ya existe (línea 212)."
213;C000676;"0676 LIDER EXPRESS - SANTIAGO";"El código de local 'C000676' ya existe (línea 213)."
214;C000677;"0677 LIDER EXPRESS - PROVIDENCIA";"El código de local 'C000677' ya existe (línea 214)."
215;C000678;"0678 LIDER EXPRESS - VILLA ALEMANA";"El código de local 'C000678' ya existe (línea 215)."
216;C000680;"0680 LIDER EXPRESS - VILLARRICA";"El código de local 'C000680' ya existe (línea 216)."
217;C000681;"0681 LIDER EXPRESS - PUCON";"El código de local 'C000681' ya existe (línea 217)."
218;C000683;"0683 LIDER EXPRESS - VALDIVIA";"El código de local 'C000683' ya existe (línea 218)."
219;C000685;"0685 LIDER EXPRESS - SANTIAGO";"El código de local 'C000685' ya existe (línea 219)."
220;C000687;"0687 LIDER EXPRESS - TEMUCO";"El código de local 'C000687' ya existe (línea 220)."
221;C000689;"0689 LIDER EXPRESS - SANTIAGO";"El código de local 'C000689' ya existe (línea 221)."
222;C000695;"0695 LIDER EXPRESS - RANCAGUA";"El código de local 'C000695' ya existe (línea 222)."
223;C000696;"0696 LIDER EXPRESS - VALPARAISO";"El código de local 'C000696' ya existe (línea 223)."
224;C000699;"0699 LIDER EXPRESS - SANTIAGO";"El código de local 'C000699' ya existe (línea 224)."
225;C000728;"0728 LIDER EXPRESS - SANTIAGO";"El código de local 'C000728' ya existe (línea 225)."
226;C000742;"0742 LIDER EXPRESS - PENCO";"El código de local 'C000742' ya existe (línea 226)."
227;C000743;"0743 LIDER EXPRESS - VINA DEL MAR";"El código de local 'C000743' ya existe (línea 227)."
228;C000744;"0744 LIDER EXPRESS - MAIPU";"El código de local 'C000744' ya existe (línea 228)."
229;C000764;"0764 LIDER EXPRESS - TALCA";"El código de local 'C000764' ya existe (línea 229)."
230;C000934;"0934 LIDER EXPRESS - LO BARNECHEA";"El código de local 'C000934' ya existe (línea 230)."
231;C000937;"0937 LIDER EXPRESS - COQUIMBO";"El código de local 'C000937' ya existe (línea 231)."
232;C000940;"0940 LIDER EXPRESS - QUILICURA";"El código de local 'C000940' ya existe (línea 232)."
233;C000952;"0952 LIDER EXPRESS - TALCAHUANO";"El código de local 'C000952' ya existe (línea 233)."
234;C000963;"0963 LIDER EXPRESS - PUDAHUEL";"El código de local 'C000963' ya existe (línea 234)."
235;C000990;"0990 LIDER EXPRESS - MELIPILLA";"El código de local 'C000990' ya existe (línea 235)."
236;C000253;"253 LIDER EXPRESS - COLINA";"El código de local 'C000253' ya existe (línea 236)."
237;C000802;"802 LIDER EXPRESS - PUENTE ALTO";"El código de local 'C000802' ya existe (línea 237)."
238;C000201;"0201 EKONO - SANTIAGO";"El código de local 'C000201' ya existe (línea 238)."
239;C000202;"0202 EKONO - SANTIAGO";"El código de local 'C000202' ya existe (línea 239)."
240;C000204;"0204 EKONO - PROVIDENCIA";"El código de local 'C000204' ya existe (línea 240)."
241;C000205;"0205 EKONO - SANTIAGO";"El código de local 'C000205' ya existe (línea 241)."
242;C000206;"0206 EKONO - SANTIAGO";"El código de local 'C000206' ya existe (línea 242)."
243;C000207;"0207 EKONO - LA FLORIDA";"El código de local 'C000207' ya existe (línea 243)."
244;C000208;"0208 EKONO - PUENTE ALTO";"El código de local 'C000208' ya existe (línea 244)."
245;C000209;"0209 EKONO - NUNOA";"El código de local 'C000209' ya existe (línea 245)."
246;C000210;"0210 EKONO - RECOLETA";"El código de local 'C000210' ya existe (línea 246)."
247;C000211;"0211 EKONO - NUNOA";"El código de local 'C000211' ya existe (línea 247)."
248;C000213;"0213 EKONO - PROVIDENCIA";"El código de local 'C000213' ya existe (línea 248)."
249;C000214;"0214 EKONO - LA FLORIDA";"El código de local 'C000214' ya existe (línea 249)."
250;C000215;"0215 EKONO - SANTIAGO";"El código de local 'C000215' ya existe (línea 250)."
251;C000216;"0216 EKONO - MAIPU";"El código de local 'C000216' ya existe (línea 251)."
252;C000217;"0217 EKONO - NUNOA";"El código de local 'C000217' ya existe (línea 252)."
253;C000218;"0218 EKONO - PROVIDENCIA";"El código de local 'C000218' ya existe (línea 253)."
254;C000227;"0227 EKONO - CERRILLOS";"El código de local 'C000227' ya existe (línea 254)."
255;C000228;"0228 EKONO - VITACURA";"El código de local 'C000228' ya existe (línea 255)."
256;C000229;"0229 EKONO - MACUL";"El código de local 'C000229' ya existe (línea 256)."
257;C000230;"0230 EKONO - NUNOA";"El código de local 'C000230' ya existe (línea 257)."
258;C000233;"0233 EKONO - QUINTA NORMAL";"El código de local 'C000233' ya existe (línea 258)."
259;C000235;"0235 EKONO - MAIPU";"El código de local 'C000235' ya existe (línea 259)."
260;C000239;"0239 EKONO - MAIPU";"El código de local 'C000239' ya existe (línea 260)."
261;C000242;"0242 EKONO - PROVIDENCIA";"El código de local 'C000242' ya existe (línea 261)."
262;C000245;"0245 EKONO - PUDAHUEL";"El código de local 'C000245' ya existe (línea 262)."
263;C000246;"0246 EKONO - PUDAHUEL";"El código de local 'C000246' ya existe (línea 263)."
264;C000247;"0247 EKONO - LA FLORIDA";"El código de local 'C000247' ya existe (línea 264)."
265;C000256;"0256 EKONO - NUNOA";"El código de local 'C000256' ya existe (línea 265)."
266;C000257;"0257 EKONO - PROVIDENCIA";"El código de local 'C000257' ya existe (línea 266)."
267;C000258;"0258 EKONO - ESTACION CENTRAL";"El código de local 'C000258' ya existe (línea 267)."
268;C000259;"0259 EKONO - VALPARAISO";"El código de local 'C000259' ya existe (línea 268)."
269;C000262;"0262 EKONO - SAN JOAQUIN";"El código de local 'C000262' ya existe (línea 269)."
270;C000267;"0267 EKONO - PENAFLOR";"El código de local 'C000267' ya existe (línea 270)."
271;C000268;"0268 EKONO - INDEPENDENCIA";"El código de local 'C000268' ya existe (línea 271)."
272;C000269;"0269 EKONO - RECOLETA";"El código de local 'C000269' ya existe (línea 272)."
273;C000271;"0271 EKONO - SANTIAGO";"El código de local 'C000271' ya existe (línea 273)."
274;C000274;"0274 EKONO - QUILICURA";"El código de local 'C000274' ya existe (línea 274)."
275;C000275;"0275 EKONO - PROVIDENCIA";"El código de local 'C000275' ya existe (línea 275)."
276;C000280;"0280 EKONO - PUENTE ALTO";"El código de local 'C000280' ya existe (línea 276)."
277;C000285;"0285 EKONO - CERRILLOS";"El código de local 'C000285' ya existe (línea 277)."
278;C000291;"0291 EKONO - VILLA ALEMANA";"El código de local 'C000291' ya existe (línea 278)."
279;C000294;"0294 EKONO - CERRILLOS";"El código de local 'C000294' ya existe (línea 279)."
280;C000295;"0295 EKONO - CONCHALI";"El código de local 'C000295' ya existe (línea 280)."
281;C000299;"0299 EKONO - LAS CONDES";"El código de local 'C000299' ya existe (línea 281)."
282;C000420;"0420 EKONO - PEDRO AGUIRRE CERDA";"El código de local 'C000420' ya existe (línea 282)."
283;C000421;"0421 EKONO - MAIPU";"El código de local 'C000421' ya existe (línea 283)."
284;C000422;"0422 EKONO - LAS CONDES";"El código de local 'C000422' ya existe (línea 284)."
285;C000430;"0430 EKONO - SANTIAGO";"El código de local 'C000430' ya existe (línea 285)."
286;C000431;"0431 EKONO - MAIPU";"El código de local 'C000431' ya existe (línea 286)."
287;C000438;"0438 EKONO - QUILICURA";"El código de local 'C000438' ya existe (línea 287)."
288;C000442;"0442 EKONO - MAIPU";"El código de local 'C000442' ya existe (línea 288)."
289;C000443;"0443 EKONO - LO BARNECHEA";"El código de local 'C000443' ya existe (línea 289)."
290;C000445;"0445 EKONO - MAIPU";"El código de local 'C000445' ya existe (línea 290)."
291;C000446;"0446 EKONO - TALAGANTE";"El código de local 'C000446' ya existe (línea 291)."
292;C000458;"0458 EKONO - SANTIAGO";"El código de local 'C000458' ya existe (línea 292)."
293;C000461;"0461 EKONO - RECOLETA";"El código de local 'C000461' ya existe (línea 293)."
294;C000462;"0462 EKONO - QUILLOTA";"El código de local 'C000462' ya existe (línea 294)."
295;C000469;"0469 EKONO - SAN MIGUEL";"El código de local 'C000469' ya existe (línea 295)."
296;C000471;"0471 EKONO - VALPARAISO";"El código de local 'C000471' ya existe (línea 296)."
297;C000477;"0477 EKONO - REQUINOA";"El código de local 'C000477' ya existe (línea 297)."
298;C000482;"0482 EKONO - VALPARAISO";"El código de local 'C000482' ya existe (línea 298)."
299;C000484;"0484 EKONO - INDEPENDENCIA";"El código de local 'C000484' ya existe (línea 299)."
300;C000488;"0488 EKONO - QUILPUE";"El código de local 'C000488' ya existe (línea 300)."
301;C000496;"0496 EKONO - LA CISTERNA";"El código de local 'C000496' ya existe (línea 301)."
302;C000498;"0498 EKONO - MACUL";"El código de local 'C000498' ya existe (línea 302)."
303;C000003;"0003 HIPER LIDER - NUNOA";"El código de local 'C000003' ya existe (línea 303)."
304;C000032;"0032 HIPER LIDER - SAN MIGUEL";"El código de local 'C000032' ya existe (línea 304)."
305;C000033;"0033 HIPER LIDER - CALAMA";"El código de local 'C000033' ya existe (línea 305)."
306;C000035;"0035 HIPER LIDER - RANCAGUA";"El código de local 'C000035' ya existe (línea 306)."
307;C000036;"0036 HIPER LIDER - LOS ANGELES";"El código de local 'C000036' ya existe (línea 307)."
308;C000037;"0037 HIPER LIDER - QUINTA NORMAL";"El código de local 'C000037' ya existe (línea 308)."
309;C000038;"0038 HIPER LIDER - RANCAGUA";"El código de local 'C000038' ya existe (línea 309)."
310;C000039;"0039 HIPER LIDER - RANCAGUA";"El código de local 'C000039' ya existe (línea 310)."
311;C000041;"0041 HIPER LIDER - HUECHURABA";"El código de local 'C000041' ya existe (línea 311)."
312;C000042;"0042 HIPER LIDER - CURICO";"El código de local 'C000042' ya existe (línea 312)."
313;C000044;"0044 HIPER LIDER - PENALOLEN";"El código de local 'C000044' ya existe (línea 313)."
314;C000045;"0045 HIPER LIDER - MAIPU";"El código de local 'C000045' ya existe (línea 314)."
315;C000046;"0046 HIPER LIDER - MAIPU";"El código de local 'C000046' ya existe (línea 315)."
316;C000048;"0048 HIPER LIDER - PUENTE ALTO";"El código de local 'C000048' ya existe (línea 316)."
317;C000049;"0049 HIPER LIDER - QUILICURA";"El código de local 'C000049' ya existe (línea 317)."
318;C000053;"0053 HIPER LIDER - COQUIMBO";"El código de local 'C000053' ya existe (línea 318)."
319;C000054;"0054 HIPER LIDER - LA FLORIDA";"El código de local 'C000054' ya existe (línea 319)."
320;C000055;"0055 HIPER LIDER - MACUL";"El código de local 'C000055' ya existe (línea 320)."
321;C000057;"0057 HIPER LIDER - VITACURA";"El código de local 'C000057' ya existe (línea 321)."
322;C000058;"0058 HIPER LIDER - VINA DEL MAR";"El código de local 'C000058' ya existe (línea 322)."
323;C000062;"0062 HIPER LIDER - LA FLORIDA";"El código de local 'C000062' ya existe (línea 323)."
324;C000066;"0066 HIPER LIDER - TALAGANTE";"El código de local 'C000066' ya existe (línea 324)."
325;C000071;"0071 HIPER LIDER - NUNOA";"El código de local 'C000071' ya existe (línea 325)."
326;C000072;"0072 HIPER LIDER - ESTACION CENTRAL";"El código de local 'C000072' ya existe (línea 326)."
327;C000073;"0073 HIPER LIDER - PUENTE ALTO";"El código de local 'C000073' ya existe (línea 327)."
328;C000075;"0075 HIPER LIDER - MAIPU";"El código de local 'C000075' ya existe (línea 328)."
329;C000076;"0076 HIPER LIDER - LA FLORIDA";"El código de local 'C000076' ya existe (línea 329)."
330;C000077;"0077 HIPER LIDER - CONCHALI";"El código de local 'C000077' ya existe (línea 330)."
331;C000078;"0078 HIPER LIDER - IQUIQUE";"El código de local 'C000078' ya existe (línea 331)."
332;C000079;"0079 HIPER LIDER - TALCA";"El código de local 'C000079' ya existe (línea 332)."
333;C000080;"0080 HIPER LIDER - EL BOSQUE";"El código de local 'C000080' ya existe (línea 333)."
334;C000081;"0081 HIPER LIDER - ARICA";"El código de local 'C000081' ya existe (línea 334)."
335;C000082;"0082 HIPER LIDER - SAN BERNARDO";"El código de local 'C000082' ya existe (línea 335)."
336;C000083;"0083 HIPER LIDER - LA FLORIDA";"El código de local 'C000083' ya existe (línea 336)."
337;C000084;"0084 HIPER LIDER - QUILPUE";"El código de local 'C000084' ya existe (línea 337)."
338;C000085;"0085 HIPER LIDER - CERRILLOS";"El código de local 'C000085' ya existe (línea 338)."
339;C000086;"0086 HIPER LIDER - RECOLETA";"El código de local 'C000086' ya existe (línea 339)."
340;C000087;"0087 HIPER LIDER - SAN RAMON";"El código de local 'C000087' ya existe (línea 340)."
341;C000088;"0088 HIPER LIDER - LAS CONDES";"El código de local 'C000088' ya existe (línea 341)."
342;C000089;"0089 HIPER LIDER - HUALPEN";"El código de local 'C000089' ya existe (línea 342)."
343;C000091;"0091 HIPER LIDER - ANTOFAGASTA";"El código de local 'C000091' ya existe (línea 343)."
344;C000092;"0092 HIPER LIDER - LA SERENA";"El código de local 'C000092' ya existe (línea 344)."
345;C000093;"0093 HIPER LIDER - OSORNO";"El código de local 'C000093' ya existe (línea 345)."
346;C000094;"0094 HIPER LIDER - VALDIVIA";"El código de local 'C000094' ya existe (línea 346)."
347;C000095;"0095 HIPER LIDER - LA REINA";"El código de local 'C000095' ya existe (línea 347)."
348;C000096;"0096 HIPER LIDER - TEMUCO";"El código de local 'C000096' ya existe (línea 348)."
349;C000097;"0097 HIPER LIDER - LO BARNECHEA";"El código de local 'C000097' ya existe (línea 349)."
350;C000098;"0098 HIPER LIDER - CONCEPCION";"El código de local 'C000098' ya existe (línea 350)."
351;C000099;"0099 HIPER LIDER - PUERTO MONTT";"El código de local 'C000099' ya existe (línea 351)."
352;C000120;"0120 HIPER LIDER - TEMUCO";"El código de local 'C000120' ya existe (línea 352)."
353;C000121;"0121 HIPER LIDER - PUNTA ARENAS";"El código de local 'C000121' ya existe (línea 353)."
354;C000122;"0122 HIPER LIDER - QUILLOTA";"El código de local 'C000122' ya existe (línea 354)."
355;C000125;"0125 HIPER LIDER - OVALLE";"El código de local 'C000125' ya existe (línea 355)."
356;C000126;"0126 HIPER LIDER - COPIAPO";"El código de local 'C000126' ya existe (línea 356)."
357;C000127;"0127 HIPER LIDER - LINARES";"El código de local 'C000127' ya existe (línea 357)."
358;C000137;"0137 HIPER LIDER - LO PRADO";"El código de local 'C000137' ya existe (línea 358)."
359;C000143;"0143 HIPER LIDER - TALCA";"El código de local 'C000143' ya existe (línea 359)."
360;C000182;"0182 HIPER LIDER - BUIN";"El código de local 'C000182' ya existe (línea 360)."
361;C000425;"0425 HIPER LIDER - COPIAPO";"El código de local 'C000425' ya existe (línea 361)."
362;C000426;"0426 HIPER LIDER - LOS ANGELES";"El código de local 'C000426' ya existe (línea 362)."
363;C000456;"0456 HIPER LIDER - TEMUCO";"El código de local 'C000456' ya existe (línea 363)."
364;C000457;"0457 HIPER LIDER - VILLA ALEMANA";"El código de local 'C000457' ya existe (línea 364)."
365;C000459;"0459 HIPER LIDER - CALAMA";"El código de local 'C000459' ya existe (línea 365)."
366;C000518;"0518 HIPER LIDER - VALPARAISO";"El código de local 'C000518' ya existe (línea 366)."
367;C000602;"0602 HIPER LIDER - LOS ANDES";"El código de local 'C000602' ya existe (línea 367)."
368;C000606;"0606 HIPER LIDER - CORONEL";"El código de local 'C000606' ya existe (línea 368)."
369;C000607;"0607 HIPER LIDER - MELIPILLA";"El código de local 'C000607' ya existe (línea 369)."
370;C000608;"0608 HIPER LIDER - CHILLAN";"El código de local 'C000608' ya existe (línea 370)."
371;C000616;"0616 HIPER LIDER - MAIPU";"El código de local 'C000616' ya existe (línea 371)."
372;C000618;"0618 HIPER LIDER - OSORNO";"El código de local 'C000618' ya existe (línea 372)."
373;C000620;"0620 HIPER LIDER - SAN BERNARDO";"El código de local 'C000620' ya existe (línea 373)."
374;C000626;"0626 HIPER LIDER - LA REINA";"El código de local 'C000626' ya existe (línea 374)."
375;C000628;"0628 HIPER LIDER - SANTA CRUZ";"El código de local 'C000628' ya existe (línea 375)."
376;C000631;"0631 HIPER LIDER - CONCEPCION";"El código de local 'C000631' ya existe (línea 376)."
377;C000632;"0632 HIPER LIDER - VINA DEL MAR";"El código de local 'C000632' ya existe (línea 377)."
378;C000635;"0635 HIPER LIDER - ARICA";"El código de local 'C000635' ya existe (línea 378)."
379;C000654;"0654 HIPER LIDER - SAN ANTONIO";"El código de local 'C000654' ya existe (línea 379)."
380;C000655;"0655 HIPER LIDER - ANTOFAGASTA";"El código de local 'C000655' ya existe (línea 380)."
381;C000670;"0670 HIPER LIDER - PUERTO MONTT";"El código de local 'C000670' ya existe (línea 381)."
382;C000671;"0671 HIPER LIDER - RECOLETA";"El código de local 'C000671' ya existe (línea 382)."
383;C000679;"0679 HIPER LIDER - IQUIQUE";"El código de local 'C000679' ya existe (línea 383)."
384;C000682;"0682 HIPER LIDER - SAN JOAQUIN";"El código de local 'C000682' ya existe (línea 384)."
385;C000684;"0684 HIPER LIDER - LA SERENA";"El código de local 'C000684' ya existe (línea 385)."
386;C000686;"0686 HIPER LIDER - LA SERENA";"El código de local 'C000686' ya existe (línea 386)."
387;C000693;"0693 HIPER LIDER - LA PINTANA";"El código de local 'C000693' ya existe (línea 387)."
388;C000697;"0697 HIPER LIDER - SAN FERNANDO";"El código de local 'C000697' ya existe (línea 388)."
389;C000736;"0736 HIPER LIDER - PENAFLOR";"El código de local 'C000736' ya existe (línea 389)."
390;C000739;"0739 HIPER LIDER - MAIPU";"El código de local 'C000739' ya existe (línea 390)."
391;C000747;"0747 HIPER LIDER - CONCON";"El código de local 'C000747' ya existe (línea 391)."
392;C000748;"0748 HIPER LIDER - RENCA";"El código de local 'C000748' ya existe (línea 392)."
393;C000798;"0798 HIPER LIDER - SAN BERNARDO";"El código de local 'C000798' ya existe (línea 393)."
394;C000945;"0945 HIPER LIDER - CHIGUAYANTE";"El código de local 'C000945' ya existe (línea 394)."
395;C000978;"0978 HIPER LIDER - LIMACHE";"El código de local 'C000978' ya existe (línea 395)."
396;C000985;"0985 HIPER LIDER - SAN FELIPE";"El código de local 'C000985' ya existe (línea 396)."
397;C000988;"0988 HIPER LIDER - CALAMA";"El código de local 'C000988' ya existe (línea 397)."
398;C000199;"199 HIPER LIDER - SAN BERNARDO";"El código de local 'C000199' ya existe (línea 398)."
399;C000929;"929 HIPER LIDER - PUERTO MONTT";"El código de local 'C000929' ya existe (línea 399)."
400;C000279;"0279 HIPER LIDER - CURICO";"El código de local 'C000279' ya existe (línea 400)."
401;C000983;"983 HIPER LIDER - LA CALERA";"El código de local 'C000983' ya existe (línea 401)."
402;C00J403;"J403 JUMBO - MAIPU";"El código de local 'C00J403' ya existe (línea 402)."
403;C00J410;"J410 JUMBO - LA FLORIDA";"El código de local 'C00J410' ya existe (línea 403)."
404;C00J414;"J414 JUMBO - LO BARNECHEA";"El código de local 'C00J414' ya existe (línea 404)."
405;C00J501;"J501 JUMBO - LAS CONDES";"El código de local 'C00J501' ya existe (línea 405)."
406;C00J502;"J502 JUMBO - LAS CONDES";"El código de local 'C00J502' ya existe (línea 406)."
407;C00J503;"J503 JUMBO - MAIPU";"El código de local 'C00J503' ya existe (línea 407)."
408;C00J504;"J504 JUMBO - RANCAGUA";"El código de local 'C00J504' ya existe (línea 408)."
409;C00J506;"J506 JUMBO - TEMUCO";"El código de local 'C00J506' ya existe (línea 409)."
410;C00J507;"J507 JUMBO - PUERTO MONTT";"El código de local 'C00J507' ya existe (línea 410)."
411;C00J508;"J508 JUMBO - VINA DEL MAR";"El código de local 'C00J508' ya existe (línea 411)."
412;C00J510;"J510 JUMBO - LA FLORIDA";"El código de local 'C00J510' ya existe (línea 412)."
413;C00J511;"J511 JUMBO - PROVIDENCIA";"El código de local 'C00J511' ya existe (línea 413)."
414;C00J512;"J512 JUMBO - LA REINA";"El código de local 'C00J512' ya existe (línea 414)."
415;C00J513;"J513 JUMBO - SAN MIGUEL";"El código de local 'C00J513' ya existe (línea 415)."
416;C00J514;"J514 JUMBO - LO BARNECHEA";"El código de local 'C00J514' ya existe (línea 416)."
417;C00J519;"J519 JUMBO - PENALOLEN";"El código de local 'C00J519' ya existe (línea 417)."
418;C00J520;"J520 JUMBO - VALPARAISO";"El código de local 'C00J520' ya existe (línea 418)."
419;C00J521;"J521 JUMBO - LA SERENA";"El código de local 'C00J521' ya existe (línea 419)."
420;C00J532;"J532 JUMBO - CHILLAN";"El código de local 'C00J532' ya existe (línea 420)."
421;C00J534;"J534 JUMBO - ANTOFAGASTA";"El código de local 'C00J534' ya existe (línea 421)."
422;C00J591;"J591 JUMBO - TALCA";"El código de local 'C00J591' ya existe (línea 422)."
423;C00J592;"J592 JUMBO - CURICO";"El código de local 'C00J592' ya existe (línea 423)."
424;C00J613;"J613 JUMBO - PUENTE ALTO";"El código de local 'C00J613' ya existe (línea 424)."
425;C00J614;"J614 JUMBO - CALAMA";"El código de local 'C00J614' ya existe (línea 425)."
426;C00J619;"J619 JUMBO - ARICA";"El código de local 'C00J619' ya existe (línea 426)."
427;C00J624;"J624 JUMBO - LAS CONDES";"El código de local 'C00J624' ya existe (línea 427)."
428;C00J633;"J633 JUMBO - HUALPEN";"El código de local 'C00J633' ya existe (línea 428)."
429;C00J646;"J646 JUMBO - QUILLOTA";"El código de local 'C00J646' ya existe (línea 429)."
430;C00J649;"J649 JUMBO - CHILLAN";"El código de local 'C00J649' ya existe (línea 430)."
431;C00J656;"J656 JUMBO - LA SERENA";"El código de local 'C00J656' ya existe (línea 431)."
432;C00J659;"J659 JUMBO - PUENTE ALTO";"El código de local 'C00J659' ya existe (línea 432)."
433;C00J660;"J660 JUMBO - IQUIQUE";"El código de local 'C00J660' ya existe (línea 433)."
434;C00J676;"J676 JUMBO - CONCEPCION";"El código de local 'C00J676' ya existe (línea 434)."
435;C00J695;"J695 JUMBO - LOS ANGELES";"El código de local 'C00J695' ya existe (línea 435)."
436;C00J739;"J739 JUMBO - CONCON";"El código de local 'C00J739' ya existe (línea 436)."
437;C00J748;"J748 JUMBO - OSORNO";"El código de local 'C00J748' ya existe (línea 437)."
438;C00J754;"J754 JUMBO - SAN FELIPE";"El código de local 'C00J754' ya existe (línea 438)."
439;C00J760;"J760 JUMBO - COPIAPO";"El código de local 'C00J760' ya existe (línea 439)."
440;C00J762;"J762 JUMBO - LO BARNECHEA";"El código de local 'C00J762' ya existe (línea 440)."
441;C00J770;"J770 JUMBO - MAIPU";"El código de local 'C00J770' ya existe (línea 441)."
442;C00J775;"J775 JUMBO - NUNOA";"El código de local 'C00J775' ya existe (línea 442)."
443;C00J780;"J780 JUMBO - LOS ANDES";"El código de local 'C00J780' ya existe (línea 443)."
444;C00J781;"J781 JUMBO - QUILPUE";"El código de local 'C00J781' ya existe (línea 444)."
445;C00J796;"J796 JUMBO - ANTOFAGASTA";"El código de local 'C00J796' ya existe (línea 445)."
446;C00J809;"J809 JUMBO - CONCEPCION";"El código de local 'C00J809' ya existe (línea 446)."
447;C00J810;"J810 JUMBO - VITACURA";"El código de local 'C00J810' ya existe (línea 447)."
448;C00J817;"J817 JUMBO - ANTOFAGASTA";"El código de local 'C00J817' ya existe (línea 448)."
449;C00J825;"J825 JUMBO - RANCAGUA";"El código de local 'C00J825' ya existe (línea 449)."
450;C00J843;"J843 JUMBO - SAN BERNARDO";"El código de local 'C00J843' ya existe (línea 450)."
451;C00J844;"J844 JUMBO - COPIAPO";"El código de local 'C00J844' ya existe (línea 451)."
452;C00J851;"J851 JUMBO - SANTA CRUZ";"El código de local 'C00J851' ya existe (línea 452)."
453;C00J875;"J875 JUMBO - VINA DEL MAR";"El código de local 'C00J875' ya existe (línea 453)."
454;C00J919;"J919 JUMBO - PUERTO VARAS";"El código de local 'C00J919' ya existe (línea 454)."
455;C00J955;"J955 JUMBO - VALDIVIA";"El código de local 'C00J955' ya existe (línea 455)."
456;C00J957;"J957 JUMBO - TALCA";"El código de local 'C00J957' ya existe (línea 456)."
457;C00J970;"J970 JUMBO - TEMUCO";"El código de local 'C00J970' ya existe (línea 457)."
458;C00J988;"J988 JUMBO - COLINA";"El código de local 'C00J988' ya existe (línea 458)."
459;C00J989;"J989 JUMBO - INDEPENDENCIA";"El código de local 'C00J989' ya existe (línea 459)."
460;C00J992;"J992 JUMBO - COLINA";"El código de local 'C00J992' ya existe (línea 460)."
461;C003001;"3001 MAYORISTA 10 - CURICO";"El código de local 'C003001' ya existe (línea 461)."
462;C003007;"3007 MAYORISTA 10 - QUILPUE";"El código de local 'C003007' ya existe (línea 462)."
463;C003008;"3008 MAYORISTA 10 - VALPARAISO";"El código de local 'C003008' ya existe (línea 463)."
464;C003010;"3010 MAYORISTA 10 - MAIPU";"El código de local 'C003010' ya existe (línea 464)."
465;C003013;"3013 MAYORISTA 10 - SAN BERNARDO";"El código de local 'C003013' ya existe (línea 465)."
466;C003014;"3014 MAYORISTA 10 - SAN FERNANDO";"El código de local 'C003014' ya existe (línea 466)."
467;C003015;"3015 MAYORISTA 10 - LA CISTERNA";"El código de local 'C003015' ya existe (línea 467)."
468;C003017;"3017 MAYORISTA 10 - OVALLE";"El código de local 'C003017' ya existe (línea 468)."
469;C003018;"3018 MAYORISTA 10 - BUIN";"El código de local 'C003018' ya existe (línea 469)."
470;C003019;"3019 MAYORISTA 10 - ANGOL";"El código de local 'C003019' ya existe (línea 470)."
471;C003020;"3020 MAYORISTA 10 - LOS ANGELES";"El código de local 'C003020' ya existe (línea 471)."
472;C003021;"3021 MAYORISTA 10 - RANCAGUA";"El código de local 'C003021' ya existe (línea 472)."
473;C003022;"3022 MAYORISTA 10 - TEMUCO";"El código de local 'C003022' ya existe (línea 473)."
474;C003023;"3023 MAYORISTA 10 - LOS ANDES";"El código de local 'C003023' ya existe (línea 474)."
475;C003025;"3025 MAYORISTA 10 - CURICO";"El código de local 'C003025' ya existe (línea 475)."
476;C003026;"3026 MAYORISTA 10 - CHILLAN";"El código de local 'C003026' ya existe (línea 476)."
477;C003027;"3027 MAYORISTA 10 - CHILLAN";"El código de local 'C003027' ya existe (línea 477)."
478;C003028;"3028 MAYORISTA 10 - LO PRADO";"El código de local 'C003028' ya existe (línea 478)."
479;C003029;"3029 MAYORISTA 10 - LA FLORIDA";"El código de local 'C003029' ya existe (línea 479)."
480;C003030;"3030 MAYORISTA 10 - PUENTE ALTO";"El código de local 'C003030' ya existe (línea 480)."
481;C003031;"3031 MAYORISTA 10 - COLINA";"El código de local 'C003031' ya existe (línea 481)."
482;C003032;"3032 MAYORISTA 10 - PUDAHUEL";"El código de local 'C003032' ya existe (línea 482)."
483;C003033;"3033 MAYORISTA 10 - SAN JOAQUIN";"El código de local 'C003033' ya existe (línea 483)."
484;C003034;"3034 MAYORISTA 10 - RENGO";"El código de local 'C003034' ya existe (línea 484)."
485;C003037;"3037 MAYORISTA 10 - LA UNION";"El código de local 'C003037' ya existe (línea 485)."
486;C003039;"3039 MAYORISTA 10 - RECOLETA";"El código de local 'C003039' ya existe (línea 486)."
487;C003040;"3040 MAYORISTA 10 - TEMUCO";"El código de local 'C003040' ya existe (línea 487)."
488;C003041;"3041 MAYORISTA 10 - SAN FELIPE";"El código de local 'C003041' ya existe (línea 488)."
489;C003042;"3042 MAYORISTA 10 - LA CALERA";"El código de local 'C003042' ya existe (línea 489)."
490;C003043;"3043 MAYORISTA 10 - SAN BERNARDO";"El código de local 'C003043' ya existe (línea 490)."
491;C003044;"3044 MAYORISTA 10 - SAN VICENTE DE TAGUA TAGUA";"El código de local 'C003044' ya existe (línea 491)."
492;C003045;"3045 MAYORISTA 10 - OVALLE";"El código de local 'C003045' ya existe (línea 492)."
493;C003046;"3046 MAYORISTA 10 - LA FLORIDA";"El código de local 'C003046' ya existe (línea 493)."
494;C003048;"3048 MAYORISTA 10 - SAN ANTONIO";"El código de local 'C003048' ya existe (línea 494)."
495;C003049;"3049 MAYORISTA 10 - VILLA ALEMANA";"El código de local 'C003049' ya existe (línea 495)."
496;C003051;"3051 MAYORISTA 10 - ESTACION CENTRAL";"El código de local 'C003051' ya existe (línea 496)."
497;C003054;"3054 MAYORISTA 10 - PUENTE ALTO";"El código de local 'C003054' ya existe (línea 497)."
498;C003055;"3055 MAYORISTA 10 - LA FLORIDA";"El código de local 'C003055' ya existe (línea 498)."
499;C003057;"3057 MAYORISTA 10 - MACUL";"El código de local 'C003057' ya existe (línea 499)."
